app,relative_path,name,extension,size_bytes,mtime,duration_sec,format_name,codec_name,sample_rate,channels,bit_rate,sha256
Band,Band\and5_band_30cm_front_s1_human_clean.m4a,and5_band_30cm_front_s1_human_clean.m4a,.m4a,20890,2026-06-26T20:11:50,9.856000,"mov,mp4,m4a,3gp,3g2,mj2",aac,8000,1,16956,1c361044498d520cd147a0de5edab5e8c8a52ba5430ab5b66b3e907438fb9198
Band,Band\and5_band_30cm_front_s1_human_noise.m4a,and5_band_30cm_front_s1_human_noise.m4a,.m4a,17546,2026-06-26T20:11:50,7.936009,"mov,mp4,m4a,3gp,3g2,mj2",aac,22050,2,17687,2efd03accf1d3792b394dd63949b6d162991e4fc71e4da6794d0e3b30b9a5434
Band,Band\and5_band_30cm_front_s1_tts_clean.m4a,and5_band_30cm_front_s1_tts_clean.m4a,.m4a,21233,2026-06-26T20:11:50,9.984000,"mov,mp4,m4a,3gp,3g2,mj2",aac,8000,1,17013,be0b335e6058b6bbd6371e48de00f0a09d9a7aeb06f2d968ccd7f4e411f50ce4
Band,Band\and5_band_30cm_front_s2_human_clean.m4a,and5_band_30cm_front_s2_human_clean.m4a,.m4a,18241,2026-06-26T20:11:50,8.576000,"mov,mp4,m4a,3gp,3g2,mj2",aac,8000,1,17015,62099f2b7ed944a302a723d3849afaa7edcb9581e282e527ddb1fbc8ca85e4c9
Band,Band\and5_band_30cm_front_s2_human_noise.m4a,and5_band_30cm_front_s2_human_noise.m4a,.m4a,17546,2026-06-26T20:11:50,7.936009,"mov,mp4,m4a,3gp,3g2,mj2",aac,22050,2,17687,2efd03accf1d3792b394dd63949b6d162991e4fc71e4da6794d0e3b30b9a5434
Band,Band\and5_band_30cm_front_s2_tts_clean.m4a,and5_band_30cm_front_s2_tts_clean.m4a,.m4a,20384,2026-06-26T20:11:50,9.600000,"mov,mp4,m4a,3gp,3g2,mj2",aac,8000,1,16986,7fc11285c31b4e7ff4a272694f1e40aaf0fce528e7e2df7d6b88728af48cd80a
Band,Band\and5_band_30cm_front_s3_human_clean.m4a,and5_band_30cm_front_s3_human_clean.m4a,.m4a,18241,2026-06-26T20:11:50,8.576000,"mov,mp4,m4a,3gp,3g2,mj2",aac,8000,1,17015,62099f2b7ed944a302a723d3849afaa7edcb9581e282e527ddb1fbc8ca85e4c9
Band,Band\and5_band_30cm_front_s3_human_noise.m4a,and5_band_30cm_front_s3_human_noise.m4a,.m4a,17546,2026-06-26T20:11:50,7.936009,"mov,mp4,m4a,3gp,3g2,mj2",aac,22050,2,17687,2efd03accf1d3792b394dd63949b6d162991e4fc71e4da6794d0e3b30b9a5434
Band,Band\and5_band_30cm_front_s3_tts_clean.m4a,and5_band_30cm_front_s3_tts_clean.m4a,.m4a,19623,2026-06-26T20:11:50,9.216000,"mov,mp4,m4a,3gp,3g2,mj2",aac,8000,1,17033,39dfedf3eedeb4496f795caa64874e0ee826bed63b400a4f11a5a831c131dbcc
Band,Band\and5_band_30cm_front_s4_human_clean.m4a,and5_band_30cm_front_s4_human_clean.m4a,.m4a,20607,2026-06-26T20:11:50,9.728000,"mov,mp4,m4a,3gp,3g2,mj2",aac,8000,1,16946,b905e118de4c068f90f06875611ff999c0df3107d1ff3dbb05cf357f28ad9dcf
Band,Band\and5_band_30cm_front_s4_human_noise.m4a,and5_band_30cm_front_s4_human_noise.m4a,.m4a,17926,2026-06-26T20:11:50,8.063991,"mov,mp4,m4a,3gp,3g2,mj2",aac,22050,2,17783,81849b1de2fcbfd65df0a82073f6a2ac37859a6216a909df72a25572fb12d1c2
Band,Band\and5_band_30cm_front_s4_tts_clean.m4a,and5_band_30cm_front_s4_tts_clean.m4a,.m4a,22188,2026-06-26T20:11:50,10.496000,"mov,mp4,m4a,3gp,3g2,mj2",aac,8000,1,16911,a4e207a26e7934dfcf5cdda93737eff28e9282e21526f44a336227c0392a5a71
Band,Band\and5_band_30cm_front_s5_human_clean.m4a,and5_band_30cm_front_s5_human_clean.m4a,.m4a,22438,2026-06-26T20:11:50,10.624000,"mov,mp4,m4a,3gp,3g2,mj2",aac,8000,1,16896,0b9e1256cef0d35d47c6c30fdabee760da5ae93938130cd8809d32b1693e1cfd
Band,Band\and5_band_30cm_front_s5_human_noise.m4a,and5_band_30cm_front_s5_human_noise.m4a,.m4a,22670,2026-06-26T20:11:50,10.367982,"mov,mp4,m4a,3gp,3g2,mj2",aac,22050,2,17492,3d56f84f8a38c3e7ec171c317d115d5d99ca38341c967889fdc8600bdd015fd9
Band,Band\and5_band_30cm_front_s5_tts_clean.m4a,and5_band_30cm_front_s5_tts_clean.m4a,.m4a,23774,2026-06-26T20:11:50,11.264000,"mov,mp4,m4a,3gp,3g2,mj2",aac,8000,1,16884,1e5ba094679a484542e6bc2bbdb21e50402dc08fc7d1e3dc8dd20178f33044ce
Band,Band\ios5_band_30cm_front_s1_human_clean.m4a,ios5_band_30cm_front_s1_human_clean.m4a,.m4a,22670,2026-06-26T20:11:50,10.367982,"mov,mp4,m4a,3gp,3g2,mj2",aac,22050,2,17492,cd7cb6112c3a11de77bd31ba42a2f6b38d6e1fc848a8cd643b3d95969c19c00c
Band,Band\ios5_band_30cm_front_s1_human_noise.m4a,ios5_band_30cm_front_s1_human_noise.m4a,.m4a,18553,2026-06-26T20:11:50,8.704000,"mov,mp4,m4a,3gp,3g2,mj2",aac,8000,1,17052,2dc9f0dc8205a29624cba2d94284e7c7a6c921991863a687fff3078fe65073c2
Band,Band\ios5_band_30cm_front_s1_tts_clean.m4a,ios5_band_30cm_front_s1_tts_clean.m4a,.m4a,22670,2026-06-26T20:11:50,10.367982,"mov,mp4,m4a,3gp,3g2,mj2",aac,22050,2,17492,3d56f84f8a38c3e7ec171c317d115d5d99ca38341c967889fdc8600bdd015fd9
Band,Band\ios5_band_30cm_front_s2_human_clean.m4a,ios5_band_30cm_front_s2_human_clean.m4a,.m4a,20013,2026-06-26T20:11:50,9.087982,"mov,mp4,m4a,3gp,3g2,mj2",aac,22050,2,17617,349dca7701b00a61e4637629b03f103a3bcad2488aa451f8b74398efdfed9be7
Band,Band\ios5_band_30cm_front_s2_human_noise.m4a,ios5_band_30cm_front_s2_human_noise.m4a,.m4a,16939,2026-06-26T20:11:50,7.936000,"mov,mp4,m4a,3gp,3g2,mj2",aac,8000,1,17075,5132a4721ce93ed4b30d88f2d6d03b0e796bfc71632900af2d91158b36744ad7
Band,Band\ios5_band_30cm_front_s2_tts_clean.m4a,ios5_band_30cm_front_s2_tts_clean.m4a,.m4a,20583,2026-06-26T20:11:50,9.343991,"mov,mp4,m4a,3gp,3g2,mj2",aac,22050,2,17622,86409ec457b63293a7c09a10690fd6da1c86727b747f6eca0979f75d2bbe4b9b
Band,Band\ios5_band_30cm_front_s3_human_clean.m4a,ios5_band_30cm_front_s3_human_clean.m4a,.m4a,20013,2026-06-26T20:11:50,9.087982,"mov,mp4,m4a,3gp,3g2,mj2",aac,22050,2,17617,349dca7701b00a61e4637629b03f103a3bcad2488aa451f8b74398efdfed9be7
Band,Band\ios5_band_30cm_front_s3_human_noise.m4a,ios5_band_30cm_front_s3_human_noise.m4a,.m4a,15961,2026-06-26T20:11:50,7.424000,"mov,mp4,m4a,3gp,3g2,mj2",aac,8000,1,17199,7bf5425eaef3967166d66ef9c630c44c18e712f34b22ce2cc44965a1a7ff8aac
Band,Band\ios5_band_30cm_front_s3_tts_clean.m4a,ios5_band_30cm_front_s3_tts_clean.m4a,.m4a,19254,2026-06-26T20:11:50,8.703991,"mov,mp4,m4a,3gp,3g2,mj2",aac,22050,2,17696,3b00d791c4ea15d83ba5d5300ca9c20d6302dbd2d63ce6728e58dab18c04a01e
Band,Band\ios5_band_30cm_front_s4_human_clean.m4a,ios5_band_30cm_front_s4_human_clean.m4a,.m4a,22290,2026-06-26T20:11:50,10.240000,"mov,mp4,m4a,3gp,3g2,mj2",aac,22050,2,17414,0c041fbf1c5a65a639481378d94135c81fae9726217335102ab55fa60bf77954
Band,Band\ios5_band_30cm_front_s4_human_noise.m4a,ios5_band_30cm_front_s4_human_noise.m4a,.m4a,16732,2026-06-26T20:11:50,7.808000,"mov,mp4,m4a,3gp,3g2,mj2",aac,8000,1,17143,e5653544cbe3af8e31176472ca9e59febe8c09b5191fafee5d09350bf5d6def2
Band,Band\ios5_band_30cm_front_s4_tts_clean.m4a,ios5_band_30cm_front_s4_tts_clean.m4a,.m4a,21531,2026-06-26T20:11:50,9.856009,"mov,mp4,m4a,3gp,3g2,mj2",aac,22050,2,17476,665fdb80884e914b38153cb08c69187d973e8fab194cf0ad3ead262f433d7bb9
Band,Band\ios5_band_30cm_front_s5_human_clean.m4a,ios5_band_30cm_front_s5_human_clean.m4a,.m4a,23619,2026-06-26T20:11:50,10.880000,"mov,mp4,m4a,3gp,3g2,mj2",aac,22050,2,17366,a062a9b78234b04efd4abb8ca4c59a002c1d0d9e1de3c674dd25061964aeaf57
Band,Band\ios5_band_30cm_front_s5_human_noise.m4a,ios5_band_30cm_front_s5_human_noise.m4a,.m4a,17745,2026-06-26T20:11:50,8.320000,"mov,mp4,m4a,3gp,3g2,mj2",aac,8000,1,17062,cb145e4ec94ffe0479034b20d93a3e0f2275604435dea640a3a926586af11dc7
Band,Band\ios5_band_30cm_front_s5_tts_clean.m4a,ios5_band_30cm_front_s5_tts_clean.m4a,.m4a,23903,2026-06-26T20:11:50,11.007982,"mov,mp4,m4a,3gp,3g2,mj2",aac,22050,2,17371,417063dd4599aef1b33f159199f525d73406a4da59c3c2d6031cb32dc7e048b8
KakaoTalk,KakaoTalk\and5_kakaotalk_30cm_front_s1_human_clean.m4a,and5_kakaotalk_30cm_front_s1_human_clean.m4a,.m4a,21351,2026-06-27T21:25:53,9.920000,"mov,mp4,m4a,3gp,3g2,mj2",aac,16000,1,17218,c4829170382440c344ccd893b3f4f92d669784f701139448d22d966000e5b131
KakaoTalk,KakaoTalk\and5_kakaotalk_30cm_front_s1_human_noise.m4a,and5_kakaotalk_30cm_front_s1_human_noise.m4a,.m4a,21052,2026-06-27T21:26:05,9.792000,"mov,mp4,m4a,3gp,3g2,mj2",aac,16000,1,17199,e7d1272b9d74c6065e6348f7e234e7ff3dbb3c4c4a7a88d79c4a41ed1c539672
KakaoTalk,KakaoTalk\and5_kakaotalk_30cm_front_s1_tts_clean.m4a,and5_kakaotalk_30cm_front_s1_tts_clean.m4a,.m4a,20532,2026-06-27T21:24:44,9.536000,"mov,mp4,m4a,3gp,3g2,mj2",aac,16000,1,17224,272da8a94e1eaebfbb1f779e9a45c92415add19f66d5bbd02f30586b7c2472e5
KakaoTalk,KakaoTalk\and5_kakaotalk_30cm_front_s2_human_clean.m4a,and5_kakaotalk_30cm_front_s2_human_clean.m4a,.m4a,19773,2026-06-27T21:25:55,9.152000,"mov,mp4,m4a,3gp,3g2,mj2",aac,16000,1,17284,6b5db31ba9b9195be2ab5c75edd6886be2dcf8174762f7631e0e952f437d6ec7
KakaoTalk,KakaoTalk\and5_kakaotalk_30cm_front_s2_human_noise.m4a,and5_kakaotalk_30cm_front_s2_human_noise.m4a,.m4a,17735,2026-06-27T21:26:07,8.192000,"mov,mp4,m4a,3gp,3g2,mj2",aac,16000,1,17319,1d1cf9f22f7d9e6b485eb1ab26e485d43e3da1ffc8098aa3c0ec823a6ddb5282
KakaoTalk,KakaoTalk\and5_kakaotalk_30cm_front_s2_tts_clean.m4a,and5_kakaotalk_30cm_front_s2_tts_clean.m4a,.m4a,16690,2026-06-27T21:24:49,7.680000,"mov,mp4,m4a,3gp,3g2,mj2",aac,16000,1,17385,0733dfa7777368c53b2742e2b65072eefd43dc03f2426c9b9561cc830851cbd3
KakaoTalk,KakaoTalk\and5_kakaotalk_30cm_front_s3_human_clean.m4a,and5_kakaotalk_30cm_front_s3_human_clean.m4a,.m4a,18576,2026-06-27T21:25:58,8.576000,"mov,mp4,m4a,3gp,3g2,mj2",aac,16000,1,17328,65a34db05490fde365f071ee53a3871f9a5a5266a6444439d7c47bf43d58103f
KakaoTalk,KakaoTalk\and5_kakaotalk_30cm_front_s3_human_noise.m4a,and5_kakaotalk_30cm_front_s3_human_noise.m4a,.m4a,18385,2026-06-27T21:26:09,8.512000,"mov,mp4,m4a,3gp,3g2,mj2",aac,16000,1,17279,d235642fffbfde119068e6ef3af190be16acdb6106d9c21f4172dc2464c9d981
KakaoTalk,KakaoTalk\and5_kakaotalk_30cm_front_s3_tts_clean.m4a,and5_kakaotalk_30cm_front_s3_tts_clean.m4a,.m4a,16415,2026-06-27T21:24:54,7.552000,"mov,mp4,m4a,3gp,3g2,mj2",aac,16000,1,17388,38f710e2dc7a45823cd3c70e6c7613e5daa5d34b9c1e2a7991cdf96eca3786a3
KakaoTalk,KakaoTalk\and5_kakaotalk_30cm_front_s4_human_clean.m4a,and5_kakaotalk_30cm_front_s4_human_clean.m4a,.m4a,19888,2026-06-27T21:25:59,9.216000,"mov,mp4,m4a,3gp,3g2,mj2",aac,16000,1,17263,0a64dc97f6e61b9a34b5bfaf7edc4923c5e6f82edb646c2502799ad87422d327
KakaoTalk,KakaoTalk\and5_kakaotalk_30cm_front_s4_human_noise.m4a,and5_kakaotalk_30cm_front_s4_human_noise.m4a,.m4a,19191,2026-06-27T21:26:11,8.896000,"mov,mp4,m4a,3gp,3g2,mj2",aac,16000,1,17258,d13a1e8eb9af72f3731a986c298a3e2456dea671d00085eb4e5e28784015ba2d
KakaoTalk,KakaoTalk\and5_kakaotalk_30cm_front_s4_tts_clean.m4a,and5_kakaotalk_30cm_front_s4_tts_clean.m4a,.m4a,19352,2026-06-27T21:25:02,8.960000,"mov,mp4,m4a,3gp,3g2,mj2",aac,16000,1,17278,e4de8b5efbfee13bb69e6734f43c8025d2c70c624a9a92312e61b86fe656c099
KakaoTalk,KakaoTalk\and5_kakaotalk_30cm_front_s5_human_clean.m4a,and5_kakaotalk_30cm_front_s5_human_clean.m4a,.m4a,23049,2026-06-27T21:26:03,10.752000,"mov,mp4,m4a,3gp,3g2,mj2",aac,16000,1,17149,51576f0425cdcde64627f54760fee4838c451b236004b1e77362d190f0c601d2
KakaoTalk,KakaoTalk\and5_kakaotalk_30cm_front_s5_human_noise.m4a,and5_kakaotalk_30cm_front_s5_human_noise.m4a,.m4a,24099,2026-06-27T21:26:13,11.264000,"mov,mp4,m4a,3gp,3g2,mj2",aac,16000,1,17115,9500cc5b7f6a9f8707794f361231a3cdeab2784ace70e5a96b4e39d70f9ee9d9
KakaoTalk,KakaoTalk\and5_kakaotalk_30cm_front_s5_tts_clean.m4a,and5_kakaotalk_30cm_front_s5_tts_clean.m4a,.m4a,18813,2026-06-27T21:25:50,8.704000,"mov,mp4,m4a,3gp,3g2,mj2",aac,16000,1,17291,260e72f28c4d264d07d3e78a047c41f3bbee017e4f49b3fd24251d73ab47b25e
KakaoTalk,KakaoTalk\ios5_kakaotalk_30cm_front_s1_human_clean.m4a,ios5_kakaotalk_30cm_front_s1_human_clean.m4a,.m4a,213768,2026-06-27T21:26:46,9.429333,"mov,mp4,m4a,3gp,3g2,mj2",aac,48000,1,181364,28e303868eb64accf552e5e54501f6f6a0d5c4f61fab0e3cda160d130d6ee411
KakaoTalk,KakaoTalk\ios5_kakaotalk_30cm_front_s1_human_noise.m4a,ios5_kakaotalk_30cm_front_s1_human_noise.m4a,.m4a,219664,2026-06-27T21:26:57,9.664000,"mov,mp4,m4a,3gp,3g2,mj2",aac,48000,1,181841,9225bdb592299895fa99b8dad4c8c41a976ce6a57d673c3793e5c006219d54e8
KakaoTalk,KakaoTalk\ios5_kakaotalk_30cm_front_s1_tts_clean.m4a,ios5_kakaotalk_30cm_front_s1_tts_clean.m4a,.m4a,200152,2026-06-27T21:26:36,8.533333,"mov,mp4,m4a,3gp,3g2,mj2",aac,48000,1,187642,294488e69332f7cf6367d8d0694db33c6c9f0f1dfca22011b6a59211f3f44bbf
KakaoTalk,KakaoTalk\ios5_kakaotalk_30cm_front_s2_human_clean.m4a,ios5_kakaotalk_30cm_front_s2_human_clean.m4a,.m4a,203208,2026-06-27T21:26:48,8.725333,"mov,mp4,m4a,3gp,3g2,mj2",aac,48000,1,186315,4b64502d5b4520e3e707764876a1e48d54e79c04fe950ed12724fb7ba0d99ffc
KakaoTalk,KakaoTalk\ios5_kakaotalk_30cm_front_s2_human_noise.m4a,ios5_kakaotalk_30cm_front_s2_human_noise.m4a,.m4a,219405,2026-06-27T21:26:59,9.621333,"mov,mp4,m4a,3gp,3g2,mj2",aac,48000,1,182432,9abc9af9af5fb085268f79e145f157a92072fce5e5887d22c8fc97aa595ad0fc
KakaoTalk,KakaoTalk\ios5_kakaotalk_30cm_front_s2_tts_clean.m4a,ios5_kakaotalk_30cm_front_s2_tts_clean.m4a,.m4a,180370,2026-06-27T21:26:38,7.296000,"mov,mp4,m4a,3gp,3g2,mj2",aac,48000,1,197774,d739597b13158c20f20b3c9c0538561459d5488e6c370dd8fd930760fe0016b4
KakaoTalk,KakaoTalk\ios5_kakaotalk_30cm_front_s3_human_clean.m4a,ios5_kakaotalk_30cm_front_s3_human_clean.m4a,.m4a,200518,2026-06-27T21:26:50,8.618667,"mov,mp4,m4a,3gp,3g2,mj2",aac,48000,1,186124,df9ef96ffa7095435ead0a511ad91348df8fd9d6d90c0daab60c14e7fdfceb7f
KakaoTalk,KakaoTalk\ios5_kakaotalk_30cm_front_s3_human_noise.m4a,ios5_kakaotalk_30cm_front_s3_human_noise.m4a,.m4a,209842,2026-06-27T21:27:00,9.066667,"mov,mp4,m4a,3gp,3g2,mj2",aac,48000,1,185154,9f0d34efc575f8f9d23cb7415389482e465e25ff2b817e20eb571de682c991a2
KakaoTalk,KakaoTalk\ios5_kakaotalk_30cm_front_s3_tts_clean.m4a,ios5_kakaotalk_30cm_front_s3_tts_clean.m4a,.m4a,181017,2026-06-27T21:26:40,7.296000,"mov,mp4,m4a,3gp,3g2,mj2",aac,48000,1,198483,8c16647884133769f511132ae94d8d089d8d72c76d81411c48c45b2b05d95a9e
KakaoTalk,KakaoTalk\ios5_kakaotalk_30cm_front_s4_human_clean.m4a,ios5_kakaotalk_30cm_front_s4_human_clean.m4a,.m4a,208967,2026-06-27T21:26:52,9.152000,"mov,mp4,m4a,3gp,3g2,mj2",aac,48000,1,182663,eb8e403101e3067216a05fb1a23a11cbd5f725a4bae787d43389e6c7e13ed6fc
KakaoTalk,KakaoTalk\ios5_kakaotalk_30cm_front_s4_human_noise.m4a,ios5_kakaotalk_30cm_front_s4_human_noise.m4a,.m4a,201611,2026-06-27T21:27:03,8.533333,"mov,mp4,m4a,3gp,3g2,mj2",aac,48000,1,189010,d31277ffd28fd0e969babf2a1b85ea49dcbafada1ec0231f04d08d58c9eeb870
KakaoTalk,KakaoTalk\ios5_kakaotalk_30cm_front_s4_tts_clean.m4a,ios5_kakaotalk_30cm_front_s4_tts_clean.m4a,.m4a,197060,2026-06-27T21:26:42,8.341333,"mov,mp4,m4a,3gp,3g2,mj2",aac,48000,1,188996,0f57755759960f8ec3832cce0e17c9dad5ed36f321d8b4eb03bc08ee5073a7c9
KakaoTalk,KakaoTalk\ios5_kakaotalk_30cm_front_s5_human_clean.m4a,ios5_kakaotalk_30cm_front_s5_human_clean.m4a,.m4a,238352,2026-06-27T21:26:55,10.922667,"mov,mp4,m4a,3gp,3g2,mj2",aac,48000,1,174574,35a07e15a23dbf8dc9fd1fe44b7841cbf4b430b412517d5fdb8779cac4fe9d7a
KakaoTalk,KakaoTalk\ios5_kakaotalk_30cm_front_s5_human_noise.m4a,ios5_kakaotalk_30cm_front_s5_human_noise.m4a,.m4a,229746,2026-06-27T21:27:04,10.410667,"mov,mp4,m4a,3gp,3g2,mj2",aac,48000,1,176546,2f21947d65c77dab33426c3ab01644b1bfdc3f5b916acb7c072b090d4a9ad884
KakaoTalk,KakaoTalk\ios5_kakaotalk_30cm_front_s5_tts_clean.m4a,ios5_kakaotalk_30cm_front_s5_tts_clean.m4a,.m4a,189509,2026-06-27T21:26:44,7.829333,"mov,mp4,m4a,3gp,3g2,mj2",aac,48000,1,193639,8d7060c7dc1a81b33de60abd0ee1bc6d549f49cca9a0f8adcce00a7b12cae243
Line,Line\and5_line_30cm_front_s1_human_clean.aac,and5_line_30cm_front_s1_human_clean.aac,.aac,20752,2026-06-27T21:27:51,9.408000,"mov,mp4,m4a,3gp,3g2,mj2",aac,16000,1,17646,da1630df701a7cfa0d7eb6b65be90b767f1ac7d7975678dad2d3862f4dc1d8ec
Line,Line\and5_line_30cm_front_s1_human_noise.aac,and5_line_30cm_front_s1_human_noise.aac,.aac,19750,2026-06-27T21:28:01,8.960000,"mov,mp4,m4a,3gp,3g2,mj2",aac,16000,1,17633,f03a61e256e8a6b30f07a8d3e323e1158f2efecb6ca82e5004d013ca0cc56287
Line,Line\and5_line_30cm_front_s1_tts_clean.aac,and5_line_30cm_front_s1_tts_clean.aac,.aac,25223,2026-06-27T21:27:35,11.520000,"mov,mp4,m4a,3gp,3g2,mj2",aac,16000,1,17515,8c432c21537af49c8bc03226ecb468b552393ffb05e98446f426ffc04b94c256
Line,Line\and5_line_30cm_front_s2_human_clean.aac,and5_line_30cm_front_s2_human_clean.aac,.aac,18702,2026-06-27T21:27:53,8.448000,"mov,mp4,m4a,3gp,3g2,mj2",aac,16000,1,17710,23f087702216a29b18eca5d2ab2028d0d9758278f4f55e9925210ed36db7829b
Line,Line\and5_line_30cm_front_s2_human_noise.aac,and5_line_30cm_front_s2_human_noise.aac,.aac,18148,2026-06-27T21:28:02,8.192000,"mov,mp4,m4a,3gp,3g2,mj2",aac,16000,1,17722,6b43fa89cf7da2023313719b2c877a3fe5ec5145545f39f695aeba5c977d0a1e
Line,Line\and5_line_30cm_front_s2_tts_clean.aac,and5_line_30cm_front_s2_tts_clean.aac,.aac,21112,2026-06-27T21:27:43,9.600000,"mov,mp4,m4a,3gp,3g2,mj2",aac,16000,1,17593,95a744710d0489e6613ffde7eac26118edc22db11632599afedda14337c1ddeb
Line,Line\and5_line_30cm_front_s3_human_clean.aac,and5_line_30cm_front_s3_human_clean.aac,.aac,18570,2026-06-27T21:27:55,8.384000,"mov,mp4,m4a,3gp,3g2,mj2",aac,16000,1,17719,f91f9e6477969033a66cbb632393cbb96a661612c48e33f827d5b5be40923bc9
Line,Line\and5_line_30cm_front_s3_human_noise.aac,and5_line_30cm_front_s3_human_noise.aac,.aac,19188,2026-06-27T21:28:04,8.704000,"mov,mp4,m4a,3gp,3g2,mj2",aac,16000,1,17636,1d0b51e868a0d09c98875b3ebeb963604a31d4b2b12a208d4f8e8db6825d5902
Line,Line\and5_line_30cm_front_s3_tts_clean.aac,and5_line_30cm_front_s3_tts_clean.aac,.aac,19949,2026-06-27T21:27:45,9.024000,"mov,mp4,m4a,3gp,3g2,mj2",aac,16000,1,17685,b332a727e18fdd3a8b6fb529f9bcd4723186e7cebc0226b4683af68ac83ec2dd
Line,Line\and5_line_30cm_front_s4_human_clean.aac,and5_line_30cm_front_s4_human_clean.aac,.aac,18561,2026-06-27T21:27:56,8.384000,"mov,mp4,m4a,3gp,3g2,mj2",aac,16000,1,17710,dadad94f681913388d37a04d6f2dac25530704171026bb9818da9fcbfd8baacc
Line,Line\and5_line_30cm_front_s4_human_noise.aac,and5_line_30cm_front_s4_human_noise.aac,.aac,18652,2026-06-27T21:28:05,8.448000,"mov,mp4,m4a,3gp,3g2,mj2",aac,16000,1,17662,f0eae36d486b411b31b63f50d6f5b5886c59375cddf0f60a2c8121dd39de0769
Line,Line\and5_line_30cm_front_s4_tts_clean.aac,and5_line_30cm_front_s4_tts_clean.aac,.aac,22728,2026-06-27T21:27:47,10.368000,"mov,mp4,m4a,3gp,3g2,mj2",aac,16000,1,17537,3d3b93a0faf0dd9c22949dff76608c25fafae99076c9d7f97b14a206f3772711
Line,Line\and5_line_30cm_front_s5_human_clean.aac,and5_line_30cm_front_s5_human_clean.aac,.aac,21436,2026-06-27T21:27:58,9.728000,"mov,mp4,m4a,3gp,3g2,mj2",aac,16000,1,17628,ebf3110484543c4776c64861e2a579e82db69e06eb4bb67bab085e2921191290
Line,Line\and5_line_30cm_front_s5_human_noise.aac,and5_line_30cm_front_s5_human_noise.aac,.aac,21118,2026-06-27T21:28:07,9.600000,"mov,mp4,m4a,3gp,3g2,mj2",aac,16000,1,17598,f0f9881fb24ace41d1db4884292a67257de199c7f405d965dabf7cd44878e974
Line,Line\and5_line_30cm_front_s5_tts_clean.aac,and5_line_30cm_front_s5_tts_clean.aac,.aac,23589,2026-06-27T21:27:49,10.752000,"mov,mp4,m4a,3gp,3g2,mj2",aac,16000,1,17551,05ab4df214e312ca80819100609f3d221060be34818a7787df7e3c11329dd577
Line,Line\ios5_line_30cm_front_s1_human_clean.m4a,ios5_line_30cm_front_s1_human_clean.m4a,.m4a,42032,2026-06-27T21:28:22,8.640000,"mov,mp4,m4a,3gp,3g2,mj2",aac,16000,1,38918,54749bd951a24e062785c87194a628dc4119709cfbe138db0207fa22a2fc3681
Line,Line\ios5_line_30cm_front_s1_human_noise.m4a,ios5_line_30cm_front_s1_human_noise.m4a,.m4a,44469,2026-06-27T21:28:30,9.792000,"mov,mp4,m4a,3gp,3g2,mj2",aac,16000,1,36330,aa83d24016087d8c539b3f9fd5288c218cf1bca822ab38c6e01232c7ea16c144
Line,Line\ios5_line_30cm_front_s1_tts_clean.m4a,ios5_line_30cm_front_s1_tts_clean.m4a,.m4a,41715,2026-06-27T21:28:09,8.704000,"mov,mp4,m4a,3gp,3g2,mj2",aac,16000,1,38340,3bfe2d0e439c1d34ec88745634b40ce2ecf713ab5c9800209c0769bc5127847c
Line,Line\ios5_line_30cm_front_s2_human_clean.m4a,ios5_line_30cm_front_s2_human_clean.m4a,.m4a,40840,2026-06-27T21:28:24,8.128000,"mov,mp4,m4a,3gp,3g2,mj2",aac,16000,1,40196,b232e14a0caf62040aff4c1ab9a42c6284266e43fdd52125851214224682beb8
Line,Line\ios5_line_30cm_front_s2_human_noise.m4a,ios5_line_30cm_front_s2_human_noise.m4a,.m4a,41601,2026-06-27T21:28:31,8.512000,"mov,mp4,m4a,3gp,3g2,mj2",aac,16000,1,39098,fa41af2c23491861fd228c85788b25ec96af24e03eafdcc692fc535f1f17983b
Line,Line\ios5_line_30cm_front_s2_tts_clean.m4a,ios5_line_30cm_front_s2_tts_clean.m4a,.m4a,41752,2026-06-27T21:28:12,8.448000,"mov,mp4,m4a,3gp,3g2,mj2",aac,16000,1,39537,5a051724ebf176e319bbf49253b3ca49501d3864abb8bfc07b045962d797fed9
Line,Line\ios5_line_30cm_front_s3_human_clean.m4a,ios5_line_30cm_front_s3_human_clean.m4a,.m4a,41398,2026-06-27T21:28:25,8.384000,"mov,mp4,m4a,3gp,3g2,mj2",aac,16000,1,39501,c2097907c9c132710545acbedb43deb8141bbe3038e90f08e77ad030ca835682
Line,Line\ios5_line_30cm_front_s3_human_noise.m4a,ios5_line_30cm_front_s3_human_noise.m4a,.m4a,42200,2026-06-27T21:28:33,8.832000,"mov,mp4,m4a,3gp,3g2,mj2",aac,16000,1,38224,0df6f747e83687f5deb27aabc1c7a52c12c18fffe9c67840af984dea39d3d625
Line,Line\ios5_line_30cm_front_s3_tts_clean.m4a,ios5_line_30cm_front_s3_tts_clean.m4a,.m4a,39683,2026-06-27T21:28:16,7.680000,"mov,mp4,m4a,3gp,3g2,mj2",aac,16000,1,41336,71264090ae864b178b0d164e7d36d9d0fcf25e7e18f3a3b24d8a515a08343886
Line,Line\ios5_line_30cm_front_s4_human_clean.m4a,ios5_line_30cm_front_s4_human_clean.m4a,.m4a,41269,2026-06-27T21:28:26,8.320000,"mov,mp4,m4a,3gp,3g2,mj2",aac,16000,1,39681,4ed687581a8e8c09f6aeca2f7e5db6cad3f2f63c7ad5050ac5f2f6b8010f881c
Line,Line\ios5_line_30cm_front_s4_human_noise.m4a,ios5_line_30cm_front_s4_human_noise.m4a,.m4a,42622,2026-06-27T21:28:36,9.216000,"mov,mp4,m4a,3gp,3g2,mj2",aac,16000,1,36998,931a3393819aa2b571523a020c42adbc868d34a4f042a67aa09f1488389cab41
Line,Line\ios5_line_30cm_front_s4_tts_clean.m4a,ios5_line_30cm_front_s4_tts_clean.m4a,.m4a,41028,2026-06-27T21:28:18,8.192000,"mov,mp4,m4a,3gp,3g2,mj2",aac,16000,1,40066,b774e8e54e94a3f0a63840b6d49c87a92869a48100f70c96901071f866780390
Line,Line\ios5_line_30cm_front_s5_human_clean.m4a,ios5_line_30cm_front_s5_human_clean.m4a,.m4a,45996,2026-06-27T21:28:28,10.688000,"mov,mp4,m4a,3gp,3g2,mj2",aac,16000,1,34428,5ff2fe9b27d7e9750413de351fd782eb4dc6fbfeec26a5b453456aff88c7abba
Line,Line\ios5_line_30cm_front_s5_human_noise.m4a,ios5_line_30cm_front_s5_human_noise.m4a,.m4a,45139,2026-06-27T21:28:37,10.496000,"mov,mp4,m4a,3gp,3g2,mj2",aac,16000,1,34404,c04d3fbc16f3c9304b2b6d4c168162a433a93ee68518a7437e4213f66a30966e
Line,Line\ios5_line_30cm_front_s5_tts_clean.m4a,ios5_line_30cm_front_s5_tts_clean.m4a,.m4a,42565,2026-06-27T21:28:20,9.024000,"mov,mp4,m4a,3gp,3g2,mj2",aac,16000,1,37734,c39bd6a973629165ad42d1915a9241ce7d0d4b390d9a16656f2c61012216e81a
Messenger,Messenger\and5_messenger_30cm_front_s1_human_clean.mp4,and5_messenger_30cm_front_s1_human_clean.mp4,.mp4,78590,2026-06-26T05:35:16,9.473356,"mov,mp4,m4a,3gp,3g2,mj2",aac,44100,1,66367,5635a3740ca1e5deba1e4f23a147922633a3fadacb36d1254addb7511f675de2
Messenger,Messenger\and5_messenger_30cm_front_s1_human_noise.mp4,and5_messenger_30cm_front_s1_human_noise.mp4,.mp4,78627,2026-06-26T05:35:16,9.473356,"mov,mp4,m4a,3gp,3g2,mj2",aac,44100,1,66398,39e3fb99f190a442b4c5520e7f618524562338376a962970680e67f72bc6d564
Messenger,Messenger\and5_messenger_30cm_front_s1_tts_clean.mp4,and5_messenger_30cm_front_s1_tts_clean.mp4,.mp4,79740,2026-06-26T05:35:16,9.612676,"mov,mp4,m4a,3gp,3g2,mj2",aac,44100,1,66362,857a0b5d84be0e3ce429a0daf16a98b9478ef7a24e73db38a6fdd3aebd511993
Messenger,Messenger\and5_messenger_30cm_front_s2_human_clean.mp4,and5_messenger_30cm_front_s2_human_clean.mp4,.mp4,68705,2026-06-26T05:35:16,8.265964,"mov,mp4,m4a,3gp,3g2,mj2",aac,44100,1,66494,c2ecd325e4344d13c54c594f3e5034b76bac1376a764dc9e0ef14cb84a02d6e9
Messenger,Messenger\and5_messenger_30cm_front_s2_human_noise.mp4,and5_messenger_30cm_front_s2_human_noise.mp4,.mp4,66814,2026-06-26T05:35:16,8.033741,"mov,mp4,m4a,3gp,3g2,mj2",aac,44100,1,66533,ba6abec03fc569e73563f2f23230b74e56bd9e8b6291c12e3c8210353df5b01e
Messenger,Messenger\and5_messenger_30cm_front_s2_tts_clean.mp4,and5_messenger_30cm_front_s2_tts_clean.mp4,.mp4,61482,2026-06-26T05:35:16,7.383651,"mov,mp4,m4a,3gp,3g2,mj2",aac,44100,1,66614,87b92aae1ae2ad15366229160e3b8322c4d3cde48582935c25597eb6857da809
Messenger,Messenger\and5_messenger_30cm_front_s3_human_clean.mp4,and5_messenger_30cm_front_s3_human_clean.mp4,.mp4,78620,2026-06-26T05:35:16,9.473356,"mov,mp4,m4a,3gp,3g2,mj2",aac,44100,1,66392,ee3664acdb1ecb82190e2c49497f9b69e3f0973cf67baa7ad52a549cf2866eef
Messenger,Messenger\and5_messenger_30cm_front_s3_human_noise.mp4,and5_messenger_30cm_front_s3_human_noise.mp4,.mp4,68727,2026-06-26T05:35:16,8.265964,"mov,mp4,m4a,3gp,3g2,mj2",aac,44100,1,66515,ff40748fb433acb521e97d28561d2165a86af552b52508d850c84097f893972c
Messenger,Messenger\and5_messenger_30cm_front_s3_tts_clean.mp4,and5_messenger_30cm_front_s3_tts_clean.mp4,.mp4,61657,2026-06-26T05:35:16,7.406871,"mov,mp4,m4a,3gp,3g2,mj2",aac,44100,1,66594,51f5bbdce0388e751d44355117c5f64a424bfc53e19235cfd04cbfb3b1b1b0df
Messenger,Messenger\and5_messenger_30cm_front_s4_human_clean.mp4,and5_messenger_30cm_front_s4_human_clean.mp4,.mp4,75751,2026-06-26T05:35:16,9.125034,"mov,mp4,m4a,3gp,3g2,mj2",aac,44100,1,66411,2bd45d83394f54134533c2eb90931d52153b78caa4b71ab9b72668711a79aece
Messenger,Messenger\and5_messenger_30cm_front_s4_human_noise.mp4,and5_messenger_30cm_front_s4_human_noise.mp4,.mp4,72941,2026-06-26T05:35:16,8.776780,"mov,mp4,m4a,3gp,3g2,mj2",aac,44100,1,66485,bf205d9cddf983c2a4be3d6f74cb83e8b718afe68e31d3cb88b547d4ec432c97
Messenger,Messenger\and5_messenger_30cm_front_s4_tts_clean.mp4,and5_messenger_30cm_front_s4_tts_clean.mp4,.mp4,69860,2026-06-26T05:35:16,8.405283,"mov,mp4,m4a,3gp,3g2,mj2",aac,44100,1,66491,48d3e3ea39c75350c9f5892ef3e0bf33618f978f72f3587113a1fbf1661591c1
Messenger,Messenger\and5_messenger_30cm_front_s5_human_clean.mp4,and5_messenger_30cm_front_s5_human_clean.mp4,.mp4,82276,2026-06-26T05:35:16,9.914512,"mov,mp4,m4a,3gp,3g2,mj2",aac,44100,1,66388,2828d3d6e137ab3fdd42e9319ed5674e0ee24db88e28e8eef90d89853d9adfe2
Messenger,Messenger\and5_messenger_30cm_front_s5_human_noise.mp4,and5_messenger_30cm_front_s5_human_noise.mp4,.mp4,86214,2026-06-26T05:35:16,10.402109,"mov,mp4,m4a,3gp,3g2,mj2",aac,44100,1,66305,4b71780b028ec4f150cbd5d0556ee2e68095892618e325395c60139b7d406809
Messenger,Messenger\and5_messenger_30cm_front_s5_tts_clean.mp4,and5_messenger_30cm_front_s5_tts_clean.mp4,.mp4,67021,2026-06-26T05:35:16,8.056984,"mov,mp4,m4a,3gp,3g2,mj2",aac,44100,1,66546,dcf6193b47e874793c5572027f3becb1dca2304ce77b20e66b8aeb13f4b6aaa4
Messenger,Messenger\ios5_messenger_30cm_front_s1_human_clean.ogg,ios5_messenger_30cm_front_s1_human_clean.ogg,.ogg,38265,2026-06-26T05:35:16,9.546500,ogg,opus,48000,1,32066,0cbf6ac89f552d1f2b3e017039cb2a64f2c00cc09ffba99ae0a9116911412a5d
Messenger,Messenger\ios5_messenger_30cm_front_s1_human_noise.ogg,ios5_messenger_30cm_front_s1_human_noise.ogg,.ogg,35315,2026-06-26T05:35:16,8.806500,ogg,opus,48000,1,32080,fa677e5d5c896466ac6999286f2235e01a03de1c4d20b44fec9754d571a52e8e
Messenger,Messenger\ios5_messenger_30cm_front_s1_tts_clean.ogg,ios5_messenger_30cm_front_s1_tts_clean.ogg,.ogg,28795,2026-06-26T05:35:16,7.406500,ogg,opus,48000,1,31102,7efb38ec6cb103681cf7b33855ed8bd0b349a807d84e5a4640ef57ffa5034efb
Messenger,Messenger\ios5_messenger_30cm_front_s2_human_clean.ogg,ios5_messenger_30cm_front_s2_human_clean.ogg,.ogg,30916,2026-06-26T05:35:16,7.846500,ogg,opus,48000,1,31520,fe0225de5dcee1363759fc06c3d0e74feefad7531c3281e455a52b20a7b4f472
Messenger,Messenger\ios5_messenger_30cm_front_s2_human_noise.ogg,ios5_messenger_30cm_front_s2_human_noise.ogg,.ogg,31916,2026-06-26T05:35:16,7.706500,ogg,opus,48000,1,33131,df0799a351dcc95634eb79cf261ab5069b4ceea59fa3e7bf44f16afc49c9f6b8
Messenger,Messenger\ios5_messenger_30cm_front_s2_tts_clean.ogg,ios5_messenger_30cm_front_s2_tts_clean.ogg,.ogg,26698,2026-06-26T05:35:16,7.106500,ogg,opus,48000,1,30054,328dd489c30c89ad7aaece4e4d6cc6635c2a275b39e95e50d793796ee0cb6429
Messenger,Messenger\ios5_messenger_30cm_front_s3_human_clean.ogg,ios5_messenger_30cm_front_s3_human_clean.ogg,.ogg,32961,2026-06-26T05:35:16,8.546500,ogg,opus,48000,1,30853,c5a1efc4cdcd6a0faa54f81ba73e83dd1d61ec96a937d1090aded1b61ca016cc
Messenger,Messenger\ios5_messenger_30cm_front_s3_human_noise.ogg,ios5_messenger_30cm_front_s3_human_noise.ogg,.ogg,32688,2026-06-26T05:35:16,8.206500,ogg,opus,48000,1,31865,2285568954ea5c66ca8615f9823804699216e5fe6edfeb80278d540bd0e72210
Messenger,Messenger\ios5_messenger_30cm_front_s3_tts_clean.ogg,ios5_messenger_30cm_front_s3_tts_clean.ogg,.ogg,28253,2026-06-26T05:35:16,7.486500,ogg,opus,48000,1,30190,c01fa2efbd150ddf231ce30357a8da82cf794cc22579ac3ca792d9fa749efc08
Messenger,Messenger\ios5_messenger_30cm_front_s4_human_clean.ogg,ios5_messenger_30cm_front_s4_human_clean.ogg,.ogg,32482,2026-06-26T05:35:16,8.346500,ogg,opus,48000,1,31133,a143bd9b9a2eee224a7c4b6814586abbf89bb47384d124ce64098b08e23552b0
Messenger,Messenger\ios5_messenger_30cm_front_s4_human_noise.ogg,ios5_messenger_30cm_front_s4_human_noise.ogg,.ogg,32503,2026-06-26T05:35:16,8.166500,ogg,opus,48000,1,31840,af3bdccfaf2f3c6f2a869bc009cfdc5cc4a651206cefa4742f88e62d9d8d649c
Messenger,Messenger\ios5_messenger_30cm_front_s4_tts_clean.ogg,ios5_messenger_30cm_front_s4_tts_clean.ogg,.ogg,29841,2026-06-26T05:35:16,8.246500,ogg,opus,48000,1,28949,6781c732be630d9251de1b80de79e34e57a1cbc01d832178d383c845e74050f4
Messenger,Messenger\ios5_messenger_30cm_front_s5_human_clean.ogg,ios5_messenger_30cm_front_s5_human_clean.ogg,.ogg,37279,2026-06-26T05:35:16,8.986500,ogg,opus,48000,1,33186,4955e4ba2e231f71538b582936163659403c3e1522b2b48fc235efeea07fe5fc
Messenger,Messenger\ios5_messenger_30cm_front_s5_human_noise.ogg,ios5_messenger_30cm_front_s5_human_noise.ogg,.ogg,38097,2026-06-26T05:35:16,9.526500,ogg,opus,48000,1,31992,7674755662fff50b5fb570d8a5f20c800599fda54aac596747696859ec550bd9
Messenger,Messenger\ios5_messenger_30cm_front_s5_tts_clean.ogg,ios5_messenger_30cm_front_s5_tts_clean.ogg,.ogg,31801,2026-06-26T05:35:16,8.246500,ogg,opus,48000,1,30850,0b745b042109c8ff24e84beb5023782d0f6a51a63e43e0759b7c947f907ffa78
NaverWorks,NaverWorks\and5_naverworks_30cm_front_s1_human_clean.m4a,and5_naverworks_30cm_front_s1_human_clean.m4a,.m4a,15667,2026-06-27T21:30:10,9.344000,"mov,mp4,m4a,3gp,3g2,mj2",aac,16000,1,13413,d2fcfe269fc294def7276f031ede898951cc7d9811850fcd4cecd6b8c9e7df3f
NaverWorks,NaverWorks\and5_naverworks_30cm_front_s1_human_noise.m4a,and5_naverworks_30cm_front_s1_human_noise.m4a,.m4a,16078,2026-06-27T21:31:00,9.600000,"mov,mp4,m4a,3gp,3g2,mj2",aac,16000,1,13398,05f8d409573e0b52b131b7e3c9d956bc95588db496678b16113d21ccab59c528
NaverWorks,NaverWorks\and5_naverworks_30cm_front_s1_tts_clean.m4a,and5_naverworks_30cm_front_s1_tts_clean.m4a,.m4a,16368,2026-06-27T21:29:26,9.792000,"mov,mp4,m4a,3gp,3g2,mj2",aac,16000,1,13372,82340d36354d4be320c497f100e4b7efe3de02001ae3aee38511cb6787fd2596
NaverWorks,NaverWorks\and5_naverworks_30cm_front_s2_human_clean.m4a,and5_naverworks_30cm_front_s2_human_clean.m4a,.m4a,13101,2026-06-27T21:30:18,7.744000,"mov,mp4,m4a,3gp,3g2,mj2",aac,16000,1,13534,8964d9cd070a226c59e33c483d4143a3f719f65dbed1865c7ca08307be768dbc
NaverWorks,NaverWorks\and5_naverworks_30cm_front_s2_human_noise.m4a,and5_naverworks_30cm_front_s2_human_noise.m4a,.m4a,13326,2026-06-27T21:31:06,7.872000,"mov,mp4,m4a,3gp,3g2,mj2",aac,16000,1,13542,dff58d98caed7719febb4dffc64445373b47ac54d340dc227e3a00d0624cd76a
NaverWorks,NaverWorks\and5_naverworks_30cm_front_s2_tts_clean.m4a,and5_naverworks_30cm_front_s2_tts_clean.m4a,.m4a,14542,2026-06-27T21:29:36,8.640000,"mov,mp4,m4a,3gp,3g2,mj2",aac,16000,1,13464,0a85b8a0e61dac73bb9cebe7c4136e338a34a5161dff0169b8d31eed66813982
NaverWorks,NaverWorks\and5_naverworks_30cm_front_s3_human_clean.m4a,and5_naverworks_30cm_front_s3_human_clean.m4a,.m4a,14345,2026-06-27T21:30:28,8.512000,"mov,mp4,m4a,3gp,3g2,mj2",aac,16000,1,13482,a2f2a5cd34b6ad8b9cdf0caf133259333f9a22e7e5d1b5e4b58d7f60e05bb768
NaverWorks,NaverWorks\and5_naverworks_30cm_front_s3_human_noise.m4a,and5_naverworks_30cm_front_s3_human_noise.m4a,.m4a,13435,2026-06-27T21:31:12,7.936000,"mov,mp4,m4a,3gp,3g2,mj2",aac,16000,1,13543,664905ac5091824fd20b9c039a461d36203fba894ac6db0ba528a9df2f3bf3aa
NaverWorks,NaverWorks\and5_naverworks_30cm_front_s3_tts_clean.m4a,and5_naverworks_30cm_front_s3_tts_clean.m4a,.m4a,14515,2026-06-27T21:29:44,8.640000,"mov,mp4,m4a,3gp,3g2,mj2",aac,16000,1,13439,f2f230d8a3bbf5020fadf961a0ff9c256f2817d8f89b0e1d9321a840d8b97a6d
NaverWorks,NaverWorks\and5_naverworks_30cm_front_s4_human_clean.m4a,and5_naverworks_30cm_front_s4_human_clean.m4a,.m4a,13998,2026-06-27T21:30:42,8.320000,"mov,mp4,m4a,3gp,3g2,mj2",aac,16000,1,13459,869521c40924c10c9ed12b089b18a3be04dcbfd250a9df661c7f41fadb7d7e1e
NaverWorks,NaverWorks\and5_naverworks_30cm_front_s4_human_noise.m4a,and5_naverworks_30cm_front_s4_human_noise.m4a,.m4a,13185,2026-06-27T21:31:18,7.808000,"mov,mp4,m4a,3gp,3g2,mj2",aac,16000,1,13509,053011c953892130ebff7ab53eda0c42951f6db1c4918e01e6155c83082f2442
NaverWorks,NaverWorks\and5_naverworks_30cm_front_s4_tts_clean.m4a,and5_naverworks_30cm_front_s4_tts_clean.m4a,.m4a,15420,2026-06-27T21:29:52,9.216000,"mov,mp4,m4a,3gp,3g2,mj2",aac,16000,1,13385,a24d5bedea65e44f69db5834c9c03114a36f6aa77463512dcced643e2666a99e
NaverWorks,NaverWorks\and5_naverworks_30cm_front_s5_human_clean.m4a,and5_naverworks_30cm_front_s5_human_clean.m4a,.m4a,16667,2026-06-27T21:30:50,9.984000,"mov,mp4,m4a,3gp,3g2,mj2",aac,16000,1,13354,6310bacdbca06ce749203ae43e2a6d0619ac3198ddd2902931a523aa12ff5cb5
NaverWorks,NaverWorks\and5_naverworks_30cm_front_s5_human_noise.m4a,and5_naverworks_30cm_front_s5_human_noise.m4a,.m4a,16448,2026-06-27T21:31:26,9.856000,"mov,mp4,m4a,3gp,3g2,mj2",aac,16000,1,13350,62226fe9f3d37d69f691250e3146985eed11a9d9a9ae78db5a0c53ef3b7415ec
NaverWorks,NaverWorks\and5_naverworks_30cm_front_s5_tts_clean.m4a,and5_naverworks_30cm_front_s5_tts_clean.m4a,.m4a,16639,2026-06-27T21:30:02,9.984000,"mov,mp4,m4a,3gp,3g2,mj2",aac,16000,1,13332,b7e607f81151290035949c26fe68ab6a5ee3696e57a624f7b4fea65f7d18fc86
NaverWorks,NaverWorks\ios5_naverworks_30cm_front_s1_human_clean.m4a,ios5_naverworks_30cm_front_s1_human_clean.m4a,.m4a,52415,2026-06-27T21:32:36,9.152000,"mov,mp4,m4a,3gp,3g2,mj2",aac,16000,1,45817,70123de715c9409f2f0dfed751219a0b93726572f9c253a09cfe7904e1130e23
NaverWorks,NaverWorks\ios5_naverworks_30cm_front_s1_human_noise.m4a,ios5_naverworks_30cm_front_s1_human_noise.m4a,.m4a,52283,2026-06-27T21:33:10,9.088000,"mov,mp4,m4a,3gp,3g2,mj2",aac,16000,1,46023,08290d9bfce4e25ca93e2654d958d52ff7087ed3fee02e180d1a7f1ef96d7390
NaverWorks,NaverWorks\ios5_naverworks_30cm_front_s1_tts_clean.m4a,ios5_naverworks_30cm_front_s1_tts_clean.m4a,.m4a,48258,2026-06-27T21:32:00,8.064000,"mov,mp4,m4a,3gp,3g2,mj2",aac,16000,1,47875,c96a66e07efce4999b052608d36618fd6da5afc325a16cefea7c4850a0621a95
NaverWorks,NaverWorks\ios5_naverworks_30cm_front_s2_human_clean.m4a,ios5_naverworks_30cm_front_s2_human_clean.m4a,.m4a,51165,2026-06-27T21:32:42,8.640000,"mov,mp4,m4a,3gp,3g2,mj2",aac,16000,1,47375,a799f88b3f7628321ad87d837bb548eff48bae822360daf6fcd94ca4ade16d05
NaverWorks,NaverWorks\ios5_naverworks_30cm_front_s2_human_noise.m4a,ios5_naverworks_30cm_front_s2_human_noise.m4a,.m4a,48487,2026-06-27T21:33:18,7.808000,"mov,mp4,m4a,3gp,3g2,mj2",aac,16000,1,49679,6627abdcd5e812a67b46e34516c55ca4367d7cecbbe4dcc5d7721347dc2d3701
NaverWorks,NaverWorks\ios5_naverworks_30cm_front_s2_tts_clean.m4a,ios5_naverworks_30cm_front_s2_tts_clean.m4a,.m4a,48235,2026-06-27T21:32:06,7.936000,"mov,mp4,m4a,3gp,3g2,mj2",aac,16000,1,48623,d17302091a544ef6769d75d13781b4a26e1992f344942ba55110789a071a842d
NaverWorks,NaverWorks\ios5_naverworks_30cm_front_s3_human_clean.m4a,ios5_naverworks_30cm_front_s3_human_clean.m4a,.m4a,50865,2026-06-27T21:32:52,8.576000,"mov,mp4,m4a,3gp,3g2,mj2",aac,16000,1,47448,e3cc878546d150d2a446981db940e7f7a42518ea3e052a8e0a591b5260734e7e
NaverWorks,NaverWorks\ios5_naverworks_30cm_front_s3_human_noise.m4a,ios5_naverworks_30cm_front_s3_human_noise.m4a,.m4a,48130,2026-06-27T21:33:24,7.936000,"mov,mp4,m4a,3gp,3g2,mj2",aac,16000,1,48518,6a4c58935299930cc55048bfed9cd770a790b21aa5d01f05d4f94f232a0d6619
NaverWorks,NaverWorks\ios5_naverworks_30cm_front_s3_tts_clean.m4a,ios5_naverworks_30cm_front_s3_tts_clean.m4a,.m4a,46256,2026-06-27T21:32:14,7.424000,"mov,mp4,m4a,3gp,3g2,mj2",aac,16000,1,49844,c4e1a4a426075964dbf4460cbabf17be81fc0f1be36f50346129bb74a22f55e8
NaverWorks,NaverWorks\ios5_naverworks_30cm_front_s4_human_clean.m4a,ios5_naverworks_30cm_front_s4_human_clean.m4a,.m4a,49704,2026-06-27T21:32:58,8.256000,"mov,mp4,m4a,3gp,3g2,mj2",aac,16000,1,48162,c316b4c426c73c2fb9e6ca1dbc31e4b12f1927f46f7680ef909a133c8ce8170f
NaverWorks,NaverWorks\ios5_naverworks_30cm_front_s4_human_noise.m4a,ios5_naverworks_30cm_front_s4_human_noise.m4a,.m4a,51611,2026-06-27T21:33:32,8.960000,"mov,mp4,m4a,3gp,3g2,mj2",aac,16000,1,46081,6740944b6ce1c707c34cd0b8b16093d4d9a4e126fb076e07cb3b173524660333
NaverWorks,NaverWorks\ios5_naverworks_30cm_front_s4_tts_clean.m4a,ios5_naverworks_30cm_front_s4_tts_clean.m4a,.m4a,47615,2026-06-27T21:32:20,7.680000,"mov,mp4,m4a,3gp,3g2,mj2",aac,16000,1,49598,d5ee2a4bfc01dc4c91ce7cd0767cfdec01d6e808cfc16d7d278f0a7534bcc580
NaverWorks,NaverWorks\ios5_naverworks_30cm_front_s5_human_clean.m4a,ios5_naverworks_30cm_front_s5_human_clean.m4a,.m4a,54896,2026-06-27T21:33:04,9.728000,"mov,mp4,m4a,3gp,3g2,mj2",aac,16000,1,45144,77a0fcc7475a3b45a3489fab7198626792c92913bbb41b8462112f9aa2de3ed6
NaverWorks,NaverWorks\ios5_naverworks_30cm_front_s5_human_noise.m4a,ios5_naverworks_30cm_front_s5_human_noise.m4a,.m4a,56988,2026-06-27T21:33:38,10.624000,"mov,mp4,m4a,3gp,3g2,mj2",aac,16000,1,42912,3e580014cd9843d3229c76f471534e963f1582ef0032713bd41c09be5c1ea75f
NaverWorks,NaverWorks\ios5_naverworks_30cm_front_s5_tts_clean.m4a,ios5_naverworks_30cm_front_s5_tts_clean.m4a,.m4a,49716,2026-06-27T21:32:28,8.384000,"mov,mp4,m4a,3gp,3g2,mj2",aac,16000,1,47438,c6e4f954a2131c25a18fa90941387a15926ba650b128cd43ef2ba3482381ef64
Session,Session\and5_session_30cm_front_s1_human_clean.mp4,and5_session_30cm_front_s1_human_clean.mp4,.mp4,37858,2026-06-27T21:35:20,8.753560,"mov,mp4,m4a,3gp,3g2,mj2",aac,44100,1,34598,fe73c103e534158cf791bf2abff4d1b3df47feefcae8b60bce3a77c63a072227
Session,Session\and5_session_30cm_front_s1_human_noise.mp4,and5_session_30cm_front_s1_human_noise.mp4,.mp4,38365,2026-06-27T21:35:31,8.869660,"mov,mp4,m4a,3gp,3g2,mj2",aac,44100,1,34603,00583d8a4e1b35691d9463d5fc27463cbec6e9a72b60c06e8398aa1bd9baa413
Session,Session\and5_session_30cm_front_s1_tts_clean.mp4,and5_session_30cm_front_s1_tts_clean.mp4,.mp4,35876,2026-06-27T21:34:35,8.289184,"mov,mp4,m4a,3gp,3g2,mj2",aac,44100,1,34624,7465e7ac2420ce4cb6c1c62cf44de60fb7148782cb8a024b3929c5cd3a727186
Session,Session\and5_session_30cm_front_s2_human_clean.mp4,and5_session_30cm_front_s2_human_clean.mp4,.mp4,33313,2026-06-27T21:35:22,7.662268,"mov,mp4,m4a,3gp,3g2,mj2",aac,44100,1,34781,8fa2a0324e2ad7e68d53e3aaa887c8888addb1125e18bc0b208ee3f22e49707f
Session,Session\and5_session_30cm_front_s2_human_noise.mp4,and5_session_30cm_front_s2_human_noise.mp4,.mp4,33013,2026-06-27T21:35:33,7.592608,"mov,mp4,m4a,3gp,3g2,mj2",aac,44100,1,34784,d843939cc969c2f676c6f9b2fd21c978bdb3b95b7bdb51763c72f48d52f87fce
Session,Session\and5_session_30cm_front_s2_tts_clean.mp4,and5_session_30cm_front_s2_tts_clean.mp4,.mp4,42125,2026-06-27T21:34:40,9.775193,"mov,mp4,m4a,3gp,3g2,mj2",aac,44100,1,34475,deae5a305ea95beabc207551632d8da8ae3f75e4ae2d908f9c6bf2bc754f9da2
Session,Session\and5_session_30cm_front_s3_human_clean.mp4,and5_session_30cm_front_s3_human_clean.mp4,.mp4,32102,2026-06-27T21:35:24,7.383651,"mov,mp4,m4a,3gp,3g2,mj2",aac,44100,1,34781,2cce5c728f264439c3273683b4eb1dcfd68a8cc9a233cf50d73ba34c70fb9127
Session,Session\and5_session_30cm_front_s3_human_noise.mp4,and5_session_30cm_front_s3_human_noise.mp4,.mp4,32021,2026-06-27T21:35:35,7.360431,"mov,mp4,m4a,3gp,3g2,mj2",aac,44100,1,34803,9d9082b7b8830c1d5101c053db89f35bfbd11eba2807f49550d23653be36dcdc
Session,Session\and5_session_30cm_front_s3_tts_clean.mp4,and5_session_30cm_front_s3_tts_clean.mp4,.mp4,40181,2026-06-27T21:34:42,9.310816,"mov,mp4,m4a,3gp,3g2,mj2",aac,44100,1,34524,bae32b0bdb56ebb697a469c653079462af21fd05b31b63443dcfcfb2aca668a1
Session,Session\and5_session_30cm_front_s4_human_clean.mp4,and5_session_30cm_front_s4_human_clean.mp4,.mp4,32916,2026-06-27T21:35:26,7.569388,"mov,mp4,m4a,3gp,3g2,mj2",aac,44100,1,34788,aa9b3d0f770dc5e2a83139c18f448f32ea5ea70bbecaed38a5addb786afffc29
Session,Session\and5_session_30cm_front_s4_human_noise.mp4,and5_session_30cm_front_s4_human_noise.mp4,.mp4,34732,2026-06-27T21:35:37,8.010544,"mov,mp4,m4a,3gp,3g2,mj2",aac,44100,1,34686,99cbaf390c758642bd8ac32bba67a58da67ff76d0ba775f7f989cc1f1de24192
Session,Session\and5_session_30cm_front_s4_tts_clean.mp4,and5_session_30cm_front_s4_tts_clean.mp4,.mp4,33384,2026-06-27T22:10:09,7.685488,"mov,mp4,m4a,3gp,3g2,mj2",aac,44100,1,34750,70546952164033cb3f7cd12a22a3b435ecd1aa2551b61ed9a083ce3dac125601
Session,Session\and5_session_30cm_front_s5_human_clean.mp4,and5_session_30cm_front_s5_human_clean.mp4,.mp4,39312,2026-06-27T21:35:29,9.101837,"mov,mp4,m4a,3gp,3g2,mj2",aac,44100,1,34553,39706f66bf159327a6263dafcf8581835a8da3a72e5274216054247ee47b5ff0
Session,Session\and5_session_30cm_front_s5_human_noise.mp4,and5_session_30cm_front_s5_human_noise.mp4,.mp4,38832,2026-06-27T21:35:39,8.985760,"mov,mp4,m4a,3gp,3g2,mj2",aac,44100,1,34572,4f4559d03a04c976b882b55eefee8340bb8e81c3f226f3c0c98050eb7e020857
Session,Session\and5_session_30cm_front_s5_tts_clean.mp4,and5_session_30cm_front_s5_tts_clean.mp4,.mp4,42348,2026-06-27T21:34:47,9.821633,"mov,mp4,m4a,3gp,3g2,mj2",aac,44100,1,34493,ceef3e9fc30cd685a53b1ad41bfc517e43818a3965d07468c7889ee95536abad
Session,Session\ios5_session_30cm_front_s1_human_clean.m4a,ios5_session_30cm_front_s1_human_clean.m4a,.m4a,142232,2026-06-27T21:37:06,5.665669,"mov,mp4,m4a,3gp,3g2,mj2",aac,44100,2,200833,2bfe7c57f7030a1ba4ddc464421ba0889dfb734f0da2bb50835c357736b908bd
Session,Session\ios5_session_30cm_front_s1_human_noise.m4a,ios5_session_30cm_front_s1_human_noise.m4a,.m4a,190846,2026-06-27T21:37:35,8.846803,"mov,mp4,m4a,3gp,3g2,mj2",aac,44100,2,172578,22db870e55d8724c7368b6bb39e212d45305b80b2980c3b0e82461d1feff895c
Session,Session\ios5_session_30cm_front_s1_tts_clean.m4a,ios5_session_30cm_front_s1_tts_clean.m4a,.m4a,170242,2026-06-27T21:36:00,7.894785,"mov,mp4,m4a,3gp,3g2,mj2",aac,44100,2,172510,34a51e04f3469009558462724347635e377c87b0369d4ce248409be459bec8f4
Session,Session\ios5_session_30cm_front_s2_human_clean.m4a,ios5_session_30cm_front_s2_human_clean.m4a,.m4a,185969,2026-06-27T21:37:12,8.544943,"mov,mp4,m4a,3gp,3g2,mj2",aac,44100,2,174109,c1682e1d4aa744a017758a19b12cc64fef1e71af69246a5a0445c6dccf508238
Session,Session\ios5_session_30cm_front_s2_human_noise.m4a,ios5_session_30cm_front_s2_human_noise.m4a,.m4a,185734,2026-06-27T21:37:39,8.498503,"mov,mp4,m4a,3gp,3g2,mj2",aac,44100,2,174839,ecff4c43e0d1484824bf46beab6836ac93433475222f34a55236230ad8df524f
Session,Session\ios5_session_30cm_front_s2_tts_clean.m4a,ios5_session_30cm_front_s2_tts_clean.m4a,.m4a,164289,2026-06-27T21:36:08,7.453605,"mov,mp4,m4a,3gp,3g2,mj2",aac,44100,2,176332,8d57ef9b0ecea5bf2514d1fb32cb61ae273faf639f7f4ccc246b87b66e4113b6
Session,Session\ios5_session_30cm_front_s3_human_clean.m4a,ios5_session_30cm_front_s3_human_clean.m4a,.m4a,166480,2026-06-27T21:37:17,7.244626,"mov,mp4,m4a,3gp,3g2,mj2",aac,44100,2,183838,9d76d57e0899989cfd8970447c0a89039d08ed5c0c84301f56b79f443f253338
Session,Session\ios5_session_30cm_front_s3_human_noise.m4a,ios5_session_30cm_front_s3_human_noise.m4a,.m4a,169590,2026-06-27T21:37:44,7.476825,"mov,mp4,m4a,3gp,3g2,mj2",aac,44100,2,181456,69468a824567983ad8e5c784c9dfb272f3401e29a312b0463872743d1aa7036d
Session,Session\ios5_session_30cm_front_s3_tts_clean.m4a,ios5_session_30cm_front_s3_tts_clean.m4a,.m4a,155373,2026-06-27T21:36:51,6.873107,"mov,mp4,m4a,3gp,3g2,mj2",aac,44100,2,180847,a7e334376b76d2b38b4007cfe999b0d29d8e9a7267b109619c00cdf132853bfc
Session,Session\ios5_session_30cm_front_s4_human_clean.m4a,ios5_session_30cm_front_s4_human_clean.m4a,.m4a,168438,2026-06-27T21:37:22,7.337506,"mov,mp4,m4a,3gp,3g2,mj2",aac,44100,2,183646,c49326732ec37ad9e0a6ff13951f8da6d06de994af8ec89b3f80fa4744d2a69c
Session,Session\ios5_session_30cm_front_s4_human_noise.m4a,ios5_session_30cm_front_s4_human_noise.m4a,.m4a,168132,2026-06-27T21:37:48,7.360726,"mov,mp4,m4a,3gp,3g2,mj2",aac,44100,2,182734,1253f6d88320df8709769705726f13a2783e0b500b31e06f4c83d6c3aa2eb8f5
Session,Session\ios5_session_30cm_front_s4_tts_clean.m4a,ios5_session_30cm_front_s4_tts_clean.m4a,.m4a,155554,2026-06-27T21:36:56,6.896327,"mov,mp4,m4a,3gp,3g2,mj2",aac,44100,2,180448,834d2506326f39390a558d35e5678d38998c3f114c148f820764784332add910
Session,Session\ios5_session_30cm_front_s5_human_clean.m4a,ios5_session_30cm_front_s5_human_clean.m4a,.m4a,167757,2026-06-27T21:37:29,7.337506,"mov,mp4,m4a,3gp,3g2,mj2",aac,44100,2,182903,55f6579777b57372035b9f50b22e766c3b7851adef88da26fe6bf6975984f6a6
Session,Session\ios5_session_30cm_front_s5_human_noise.m4a,ios5_session_30cm_front_s5_human_noise.m4a,.m4a,178740,2026-06-27T21:37:56,8.103764,"mov,mp4,m4a,3gp,3g2,mj2",aac,44100,2,176451,e7a2665405c1e44f9ec26ae65419c9ebe2e2ff6ca94030db59d6d746bfa827be
Session,Session\ios5_session_30cm_front_s5_tts_clean.m4a,ios5_session_30cm_front_s5_tts_clean.m4a,.m4a,166448,2026-06-27T21:37:00,7.616145,"mov,mp4,m4a,3gp,3g2,mj2",aac,44100,2,174837,85c6351b08786bf1f1b222e48893c9dc1631b285af137280b098a7821d29c706
Signal,Signal\and5_signal_30cm_front_s1_human_clean.aac,and5_signal_30cm_front_s1_human_clean.aac,.aac,38518,2026-06-27T21:39:36,8.380538,aac,aac,44100,1,36768,23eb6dbb4d2fd4dffabf64477dae4651f6e110a7ff9e32f162033a69cb764a0d
Signal,Signal\and5_signal_30cm_front_s1_human_noise.aac,and5_signal_30cm_front_s1_human_noise.aac,.aac,33142,2026-06-27T21:40:01,7.264199,aac,aac,44100,1,36499,32b8f74e993807d79b466b6f771faaaa555da9c5f803cde880919df84eda27e9
Signal,Signal\and5_signal_30cm_front_s1_tts_clean.aac,and5_signal_30cm_front_s1_tts_clean.aac,.aac,42024,2026-06-27T21:39:25,9.171291,aac,aac,44100,1,36656,a3a3a0856fee89b5ea7a215ece1b301687e09050afc05be48658466762eaefb1
Signal,Signal\and5_signal_30cm_front_s2_human_clean.aac,and5_signal_30cm_front_s2_human_clean.aac,.aac,33060,2026-06-27T21:39:38,7.214206,aac,aac,44100,1,36660,1551edbfc063690d435e9e50c532ec2bd527ef7c552bbdd93a0bf9bfb2fcf1de
Signal,Signal\and5_signal_30cm_front_s2_human_noise.aac,and5_signal_30cm_front_s2_human_noise.aac,.aac,33435,2026-06-27T21:40:03,7.274211,aac,aac,44100,1,36770,9503b3421c4794a4c98ff6765333a2d4709fa1f3da10d0718c9d2f2a2e06d440
Signal,Signal\and5_signal_30cm_front_s2_tts_clean.aac,and5_signal_30cm_front_s2_tts_clean.aac,.aac,38432,2026-06-27T21:39:28,8.379831,aac,aac,44100,1,36690,a7031b12e5331bc4d85bf02f6ca4ed14272b8035841a0110865c4441ab0c12d5
Signal,Signal\and5_signal_30cm_front_s3_human_clean.aac,and5_signal_30cm_front_s3_human_clean.aac,.aac,32735,2026-06-27T21:39:40,7.099328,aac,aac,44100,1,36887,eafb46d18ede247d37983a2ff929af2f4a06ebf939411125df00a6e741019440
Signal,Signal\and5_signal_30cm_front_s3_human_noise.aac,and5_signal_30cm_front_s3_human_noise.aac,.aac,33565,2026-06-27T21:40:05,7.326203,aac,aac,44100,1,36652,1c96afddc96fc5e76799d5f0da1e30b2a9f17a55f0b1a51ba63045bb9f91e6f1
Signal,Signal\and5_signal_30cm_front_s3_tts_clean.aac,and5_signal_30cm_front_s3_tts_clean.aac,.aac,38063,2026-06-27T21:39:30,8.304353,aac,aac,44100,1,36667,17658e8ebb92bcc408a8da9c67fb73eb49ab631e5195d936d01d59940535e03a
Signal,Signal\and5_signal_30cm_front_s4_human_clean.aac,and5_signal_30cm_front_s4_human_clean.aac,.aac,34036,2026-06-27T21:39:43,7.464854,aac,aac,44100,1,36475,b2b741556b331758301a30c31697a5fe0218c9c8d1ddd9c5ecf99c6184933b74
Signal,Signal\and5_signal_30cm_front_s4_human_noise.aac,and5_signal_30cm_front_s4_human_noise.aac,.aac,38532,2026-06-27T21:40:07,8.498690,aac,aac,44100,1,36271,34717dbb556b92ea16f31cd675ecd7ae198c571eeb84b2c1d1fd3b5cd4b1f0ac
Signal,Signal\and5_signal_30cm_front_s4_tts_clean.aac,and5_signal_30cm_front_s4_tts_clean.aac,.aac,42950,2026-06-27T21:39:32,9.457228,aac,aac,44100,1,36331,a8fe82ae5103d0d17b710948232494422f85cc68be1a0dfe699b41e2031e6887
Signal,Signal\and5_signal_30cm_front_s5_human_clean.aac,and5_signal_30cm_front_s5_human_clean.aac,.aac,37270,2026-06-27T21:39:59,8.137110,aac,aac,44100,1,36642,9fecaef945e90b6dcb458cedd93c071fe50cafb6605148e3aff95155a8884b13
Signal,Signal\and5_signal_30cm_front_s5_human_noise.aac,and5_signal_30cm_front_s5_human_noise.aac,.aac,39253,2026-06-27T21:40:11,8.422487,aac,aac,44100,1,37283,c5d26f49816951be1cfe75c628f475c2dc817fd460f78deffae497ad311d8137
Signal,Signal\and5_signal_30cm_front_s5_tts_clean.aac,and5_signal_30cm_front_s5_tts_clean.aac,.aac,41132,2026-06-27T21:39:34,8.935183,aac,aac,44100,1,36827,3fba921d1191e9efe2110b8e40b967f8441ad8c5378abc47f71be1330e43aa96
Signal,Signal\ios5_signal_30cm_front_s1_human_clean.m4a,ios5_signal_30cm_front_s1_human_clean.m4a,.m4a,92181,2026-06-27T21:40:40,8.591383,"mov,mp4,m4a,3gp,3g2,mj2",aac,44100,1,85835,6d69df0ea03a06cff52f8b95ce8c28e93588fe97282eecadd558332877c7ed95
Signal,Signal\ios5_signal_30cm_front_s1_human_noise.m4a,ios5_signal_30cm_front_s1_human_noise.m4a,.m4a,91088,2026-06-27T21:41:06,8.289524,"mov,mp4,m4a,3gp,3g2,mj2",aac,44100,1,87906,54ab771778a23158e2335ede4ac3f00447b309a8b27667bf8db20d4149a926f9
Signal,Signal\ios5_signal_30cm_front_s1_tts_clean.m4a,ios5_signal_30cm_front_s1_tts_clean.m4a,.m4a,94585,2026-06-27T21:40:29,9.218322,"mov,mp4,m4a,3gp,3g2,mj2",aac,44100,1,82084,e48b27aeb6213f938e8da18de8b6cfffd83ecccf7a5e2ba5a4b65011e2ad5370
Signal,Signal\ios5_signal_30cm_front_s2_human_clean.m4a,ios5_signal_30cm_front_s2_human_clean.m4a,.m4a,88968,2026-06-27T21:40:42,7.778685,"mov,mp4,m4a,3gp,3g2,mj2",aac,44100,1,91499,701590543fdcf60d39beaed8a8d790c551aa91fa13a5db6528d735f5a7348704
Signal,Signal\ios5_signal_30cm_front_s2_human_noise.m4a,ios5_signal_30cm_front_s2_human_noise.m4a,.m4a,85078,2026-06-27T21:41:08,6.757007,"mov,mp4,m4a,3gp,3g2,mj2",aac,44100,1,100728,8c29d82587eb17aaf4263c62daa1abd335ab341b64bdca81ffc554f326ed88d3
Signal,Signal\ios5_signal_30cm_front_s2_tts_clean.m4a,ios5_signal_30cm_front_s2_tts_clean.m4a,.m4a,87713,2026-06-27T21:40:32,7.476825,"mov,mp4,m4a,3gp,3g2,mj2",aac,44100,1,93850,a665de19253d330880640970893c8f39c55ae1b8bcda5fd5ae583103af15918b
Signal,Signal\ios5_signal_30cm_front_s3_human_clean.m4a,ios5_signal_30cm_front_s3_human_clean.m4a,.m4a,87455,2026-06-27T21:40:45,7.476825,"mov,mp4,m4a,3gp,3g2,mj2",aac,44100,1,93574,2cb51fe0746324c8793cc73b6f79103b827500a82b537a8bd2891cd132400f11
Signal,Signal\ios5_signal_30cm_front_s3_human_noise.m4a,ios5_signal_30cm_front_s3_human_noise.m4a,.m4a,87171,2026-06-27T21:41:12,7.407166,"mov,mp4,m4a,3gp,3g2,mj2",aac,44100,1,94147,f61af46ffaae493f1ed2f23201bbd60ab9d6e2429cc0b007b7cccde1511420c0
Signal,Signal\ios5_signal_30cm_front_s3_tts_clean.m4a,ios5_signal_30cm_front_s3_tts_clean.m4a,.m4a,88984,2026-06-27T21:40:34,7.848345,"mov,mp4,m4a,3gp,3g2,mj2",aac,44100,1,90703,f5704481d2bb3ab99b96d7be609eabdd98442ace5f8752b53d10a60debf56156
Signal,Signal\ios5_signal_30cm_front_s4_human_clean.m4a,ios5_signal_30cm_front_s4_human_clean.m4a,.m4a,89439,2026-06-27T21:40:57,7.941224,"mov,mp4,m4a,3gp,3g2,mj2",aac,44100,1,90100,d84bf7eacf90db78115050c7b6573b554438a49348eb3364a57978b7ec587cf3
Signal,Signal\ios5_signal_30cm_front_s4_human_noise.m4a,ios5_signal_30cm_front_s4_human_noise.m4a,.m4a,88235,2026-06-27T21:41:14,7.500045,"mov,mp4,m4a,3gp,3g2,mj2",aac,44100,1,94116,3e56e9db2570ddcddbbdcf12942635c9e4416fe109829a5a33eaa717e5bb439f
Signal,Signal\ios5_signal_30cm_front_s4_tts_clean.m4a,ios5_signal_30cm_front_s4_tts_clean.m4a,.m4a,90057,2026-06-27T21:40:35,8.103764,"mov,mp4,m4a,3gp,3g2,mj2",aac,44100,1,88903,336f4f19e256354be631bc0015501bfd9bf5eb4474dec02622cdd1053d2f787f
Signal,Signal\ios5_signal_30cm_front_s5_human_clean.m4a,ios5_signal_30cm_front_s5_human_clean.m4a,.m4a,95742,2026-06-27T21:40:59,9.589841,"mov,mp4,m4a,3gp,3g2,mj2",aac,44100,1,79869,164ef7aeed8a76b5a1ba84e34133fc4a9739808177cc1264a3484fda10025311
Signal,Signal\ios5_signal_30cm_front_s5_human_noise.m4a,ios5_signal_30cm_front_s5_human_noise.m4a,.m4a,95510,2026-06-27T21:41:16,9.496961,"mov,mp4,m4a,3gp,3g2,mj2",aac,44100,1,80455,0db758dacf3d09867ca12274345a08f98c3987e5041497a41497dc6f4607cf3f
Signal,Signal\ios5_signal_30cm_front_s5_tts_clean.m4a,ios5_signal_30cm_front_s5_tts_clean.m4a,.m4a,90809,2026-06-27T21:40:37,8.312744,"mov,mp4,m4a,3gp,3g2,mj2",aac,44100,1,87392,0084773df091cddf30b43e4bb5e70f0bcd5f672273b59eb49befe9feea436d3d
Slack,Slack\and5_slack_30cm_front_s1_human_clean.m4a,and5_slack_30cm_front_s1_human_clean.m4a,.m4a,105399,2026-06-27T21:42:04,8.567800,"mov,mp4,m4a,3gp,3g2,mj2",aac,44100,1,98414,0b5fd75c6ea56261cefca733bf7b0064cdc3dda7986cf1f49214f7e142976671
Slack,Slack\and5_slack_30cm_front_s1_human_noise.m4a,and5_slack_30cm_front_s1_human_noise.m4a,.m4a,106879,2026-06-27T21:42:15,8.683900,"mov,mp4,m4a,3gp,3g2,mj2",aac,44100,1,98461,e53f30a5eca747dc457c0985c19561571eeca9a9f6186d5b03371970f30b6105
Slack,Slack\and5_slack_30cm_front_s1_tts_clean.m4a,and5_slack_30cm_front_s1_tts_clean.m4a,.m4a,95285,2026-06-27T21:41:46,7.731927,"mov,mp4,m4a,3gp,3g2,mj2",aac,44100,1,98588,de8e3be80829000ebef339d11a450dfb0250d6efb2d5b603273597753d9a8511
Slack,Slack\and5_slack_30cm_front_s2_human_clean.m4a,and5_slack_30cm_front_s2_human_clean.m4a,.m4a,93484,2026-06-27T21:42:06,7.592608,"mov,mp4,m4a,3gp,3g2,mj2",aac,44100,1,98500,21f3351b6b2dbdd888e38e800cc18ca9e75cfd97b2b8aac0ba6f67df8b2581cf
Slack,Slack\and5_slack_30cm_front_s2_human_noise.m4a,and5_slack_30cm_front_s2_human_noise.m4a,.m4a,90117,2026-06-27T21:42:18,7.313991,"mov,mp4,m4a,3gp,3g2,mj2",aac,44100,1,98569,b32eb19dfbefe7ee6387ac70662fd88ee43b508ba87d064ab5085089966ad02c
Slack,Slack\and5_slack_30cm_front_s2_tts_clean.m4a,and5_slack_30cm_front_s2_tts_clean.m4a,.m4a,101992,2026-06-27T21:41:54,8.289184,"mov,mp4,m4a,3gp,3g2,mj2",aac,44100,1,98433,560f3d0aa7a0537b0c5927ef14d54325a61e65b1c3312aac5200dcc2bb9d3d59
Slack,Slack\and5_slack_30cm_front_s3_human_clean.m4a,and5_slack_30cm_front_s3_human_clean.m4a,.m4a,94891,2026-06-27T21:42:08,7.708707,"mov,mp4,m4a,3gp,3g2,mj2",aac,44100,1,98476,d97e3a2033996754959b888723692b8c449c9f2b3990933e0af8d784ee57a52c
Slack,Slack\and5_slack_30cm_front_s3_human_noise.m4a,and5_slack_30cm_front_s3_human_noise.m4a,.m4a,88193,2026-06-27T21:42:20,7.151451,"mov,mp4,m4a,3gp,3g2,mj2",aac,44100,1,98657,2e54e1bebc2673838cee18e14693bd4c76cc2e7000377c68b32beca8d11b7eb1
Slack,Slack\and5_slack_30cm_front_s3_tts_clean.m4a,and5_slack_30cm_front_s3_tts_clean.m4a,.m4a,102841,2026-06-27T21:41:57,8.358844,"mov,mp4,m4a,3gp,3g2,mj2",aac,44100,1,98426,2603704aeb2cbed57f407e2da24ed55c7c33285bb767559c2015e039a23056b2
Slack,Slack\and5_slack_30cm_front_s4_human_clean.m4a,and5_slack_30cm_front_s4_human_clean.m4a,.m4a,98564,2026-06-27T21:42:11,8.010544,"mov,mp4,m4a,3gp,3g2,mj2",aac,44100,1,98434,6f29da1b42bd472470da193eb0a7a2b27ef9a74955a69f1a01e1285cbec95883
Slack,Slack\and5_slack_30cm_front_s4_human_noise.m4a,and5_slack_30cm_front_s4_human_noise.m4a,.m4a,96376,2026-06-27T21:42:22,7.824807,"mov,mp4,m4a,3gp,3g2,mj2",aac,44100,1,98533,c9cdf51c1286167bfd9bdd2f659196abfd83c282b32f121a36e24f23153b67ef
Slack,Slack\and5_slack_30cm_front_s4_tts_clean.m4a,and5_slack_30cm_front_s4_tts_clean.m4a,.m4a,98056,2026-06-27T21:41:59,7.964127,"mov,mp4,m4a,3gp,3g2,mj2",aac,44100,1,98497,9725cf84b336b5f89f5208a8c084099de1685b621f9698929bee3643e66b6dbd
Slack,Slack\and5_slack_30cm_front_s5_human_clean.m4a,and5_slack_30cm_front_s5_human_clean.m4a,.m4a,109935,2026-06-27T21:42:13,8.939320,"mov,mp4,m4a,3gp,3g2,mj2",aac,44100,1,98383,030982a7b6571ad1de4b9317b7b5326e1df69c37a0fe575a739d461979be0436
Slack,Slack\and5_slack_30cm_front_s5_human_noise.m4a,and5_slack_30cm_front_s5_human_noise.m4a,.m4a,104590,2026-06-27T21:42:24,8.498163,"mov,mp4,m4a,3gp,3g2,mj2",aac,44100,1,98458,9930cffac71306b87bf6c4878ef657d0587181c58c37a5da525299cef563f868
Slack,Slack\and5_slack_30cm_front_s5_tts_clean.m4a,and5_slack_30cm_front_s5_tts_clean.m4a,.m4a,117563,2026-06-27T21:42:01,9.566236,"mov,mp4,m4a,3gp,3g2,mj2",aac,44100,1,98314,73e86391fc10a510a760381ffb5f0894c24d72eaa6e3879f446d89b520938131
Slack,Slack\ios5_slack_30cm_front_s1_human_clean.m4a,ios5_slack_30cm_front_s1_human_clean.m4a,.m4a,127573,2026-06-27T21:42:38,8.614603,"mov,mp4,m4a,3gp,3g2,mj2",aac,44100,1,118471,9d0f71a165e813f5dfc9d8a43fa2ec3f662a41031c63c4c38838bd727d0e2dbf
Slack,Slack\ios5_slack_30cm_front_s1_human_noise.m4a,ios5_slack_30cm_front_s1_human_noise.m4a,.m4a,128035,2026-06-27T21:42:49,8.823583,"mov,mp4,m4a,3gp,3g2,mj2",aac,44100,1,116084,3285a707d35a24b27e109ddd5d96574e9ef9755a5742f546d0b295f08a172bdb
Slack,Slack\ios5_slack_30cm_front_s1_tts_clean.m4a,ios5_slack_30cm_front_s1_tts_clean.m4a,.m4a,125287,2026-06-27T21:42:27,8.684263,"mov,mp4,m4a,3gp,3g2,mj2",aac,44100,1,115415,8ed4f78223bb3da7b2234caad1fb31ec2f4099f8c360916c01f92c0f63e99280
Slack,Slack\ios5_slack_30cm_front_s2_human_clean.m4a,ios5_slack_30cm_front_s2_human_clean.m4a,.m4a,119852,2026-06-27T21:42:41,7.801905,"mov,mp4,m4a,3gp,3g2,mj2",aac,44100,1,122895,92beefc3578764bb911aa3a5fe9001fc8d4cb5012c48396b5bd83842bde2aa31
Slack,Slack\ios5_slack_30cm_front_s2_human_noise.m4a,ios5_slack_30cm_front_s2_human_noise.m4a,.m4a,119161,2026-06-27T21:42:51,7.825125,"mov,mp4,m4a,3gp,3g2,mj2",aac,44100,1,121823,19cd73e45e06fa844d3d1a85c96b762961e6e589a6c64ffdc7c7c2057d7e5203
Slack,Slack\ios5_slack_30cm_front_s2_tts_clean.m4a,ios5_slack_30cm_front_s2_tts_clean.m4a,.m4a,117874,2026-06-27T21:42:30,7.685805,"mov,mp4,m4a,3gp,3g2,mj2",aac,44100,1,122692,1246efe09dce83ecb8b54c83ffbbe1ccd8666713d724322c824aaeb2f8dfd84b
Slack,Slack\ios5_slack_30cm_front_s3_human_clean.m4a,ios5_slack_30cm_front_s3_human_clean.m4a,.m4a,120251,2026-06-27T21:42:42,7.801905,"mov,mp4,m4a,3gp,3g2,mj2",aac,44100,1,123304,c3658c3cf3d95cdb9913291b0dac4081ff24e3ae6551697a8465604104d6767f
Slack,Slack\ios5_slack_30cm_front_s3_human_noise.m4a,ios5_slack_30cm_front_s3_human_noise.m4a,.m4a,119921,2026-06-27T21:42:53,7.778685,"mov,mp4,m4a,3gp,3g2,mj2",aac,44100,1,123332,b783e4f9f94a0edf85af8469874d99ae53f436bd10652130ed4cf9a17db2e2b5
Slack,Slack\ios5_slack_30cm_front_s3_tts_clean.m4a,ios5_slack_30cm_front_s3_tts_clean.m4a,.m4a,128083,2026-06-27T21:42:32,9.009342,"mov,mp4,m4a,3gp,3g2,mj2",aac,44100,1,113733,c6befebae7d422d078f2683a0cd715a1382a59191c9a7edb1ab2dd4a0e317446
Slack,Slack\ios5_slack_30cm_front_s4_human_clean.m4a,ios5_slack_30cm_front_s4_human_clean.m4a,.m4a,123062,2026-06-27T21:42:45,8.173424,"mov,mp4,m4a,3gp,3g2,mj2",aac,44100,1,120450,ed5dcf422ba97ae50f702286473f283f05fcad5cff05e5f696314632597acf92
Slack,Slack\ios5_slack_30cm_front_s4_human_noise.m4a,ios5_slack_30cm_front_s4_human_noise.m4a,.m4a,118616,2026-06-27T21:42:55,7.662585,"mov,mp4,m4a,3gp,3g2,mj2",aac,44100,1,123839,fbb2a55d5bba349bf7930af92c1d0cb4b56e1d211f4dedf40e80be88fbc3dd0b
Slack,Slack\ios5_slack_30cm_front_s4_tts_clean.m4a,ios5_slack_30cm_front_s4_tts_clean.m4a,.m4a,135161,2026-06-27T21:42:34,9.984580,"mov,mp4,m4a,3gp,3g2,mj2",aac,44100,1,108295,0ad4580231546837467478a623c00159cee44516bdc496e33cedb53b3ec0ddf9
Slack,Slack\ios5_slack_30cm_front_s5_human_clean.m4a,ios5_slack_30cm_front_s5_human_clean.m4a,.m4a,127754,2026-06-27T21:42:47,8.661043,"mov,mp4,m4a,3gp,3g2,mj2",aac,44100,1,118003,43253f4c53d8cc70e69cab69d62fbec68b72fff0c83dc868a23ca691979a937f
Slack,Slack\ios5_slack_30cm_front_s5_human_noise.m4a,ios5_slack_30cm_front_s5_human_noise.m4a,.m4a,128929,2026-06-27T21:42:57,8.870023,"mov,mp4,m4a,3gp,3g2,mj2",aac,44100,1,116282,196a97da941b68ac670590337b48867488f9820407f1088e28ede7255f586803
Slack,Slack\ios5_slack_30cm_front_s5_tts_clean.m4a,ios5_slack_30cm_front_s5_tts_clean.m4a,.m4a,123687,2026-06-27T21:42:36,8.335964,"mov,mp4,m4a,3gp,3g2,mj2",aac,44100,1,118702,481fb39f4de33f619820a76f5a3f6f29a5acf4de8746d65a38e9686ea2462b7b
Viber,Viber\and5_viber_30cm_front_s1_human_clean.m4a,and5_viber_30cm_front_s1_human_clean.m4a,.m4a,36998,2026-06-27T20:31:12,8.704000,"mov,mp4,m4a,3gp,3g2,mj2",aac,32000,1,34005,cce7bd151d426684108a429e959017f3edb620c8ed74ea8b9d42b659552a1e9a
Viber,Viber\and5_viber_30cm_front_s1_human_noise.m4a,and5_viber_30cm_front_s1_human_noise.m4a,.m4a,34496,2026-06-27T20:31:11,8.096000,"mov,mp4,m4a,3gp,3g2,mj2",aac,32000,1,34086,7da791838080c6619b4ce0c35a0f637ba030f4bcb892522517991b72c4cb2594
Viber,Viber\and5_viber_30cm_front_s1_tts_clean.m4a,and5_viber_30cm_front_s1_tts_clean.m4a,.m4a,36210,2026-06-27T20:28:49,8.512000,"mov,mp4,m4a,3gp,3g2,mj2",aac,32000,1,34031,b5d7c9a35e44503f595fbba8cb506c9af6e0f45d4e8dc29f3a43ee4a96db5f00
Viber,Viber\and5_viber_30cm_front_s2_human_clean.m4a,and5_viber_30cm_front_s2_human_clean.m4a,.m4a,32900,2026-06-27T20:31:12,7.712000,"mov,mp4,m4a,3gp,3g2,mj2",aac,32000,1,34128,ee718fd9c7fda7aef3c3fdf80085ee53e084369d7674ef7f6d20cd8a65715548
Viber,Viber\and5_viber_30cm_front_s2_human_noise.m4a,and5_viber_30cm_front_s2_human_noise.m4a,.m4a,31088,2026-06-27T20:31:11,7.264000,"mov,mp4,m4a,3gp,3g2,mj2",aac,32000,1,34237,be2ff4189edfd4824f9ec511d719db716f43c8e604bf925c45b54c2cd795a6be
Viber,Viber\and5_viber_30cm_front_s2_tts_clean.m4a,and5_viber_30cm_front_s2_tts_clean.m4a,.m4a,37527,2026-06-27T20:28:49,8.832000,"mov,mp4,m4a,3gp,3g2,mj2",aac,32000,1,33991,248b3b0caaebc72593fa1563192b6c1af8d756d28fac66ee094d792d3a2fc7d0
Viber,Viber\and5_viber_30cm_front_s3_human_clean.m4a,and5_viber_30cm_front_s3_human_clean.m4a,.m4a,33905,2026-06-27T20:31:12,7.968000,"mov,mp4,m4a,3gp,3g2,mj2",aac,32000,1,34041,4b8374afdb931be58b94aa36c099dce2f26b3f173540a26a427ed6153026aeb1
Viber,Viber\and5_viber_30cm_front_s3_human_noise.m4a,and5_viber_30cm_front_s3_human_noise.m4a,.m4a,32791,2026-06-27T20:31:11,7.680000,"mov,mp4,m4a,3gp,3g2,mj2",aac,32000,1,34157,d8b107c1d98d9d73ce34ceaa063c90daad4a696e65e85aa5108d9d03ce0129a8
Viber,Viber\and5_viber_30cm_front_s3_tts_clean.m4a,and5_viber_30cm_front_s3_tts_clean.m4a,.m4a,38058,2026-06-27T20:28:49,8.960000,"mov,mp4,m4a,3gp,3g2,mj2",aac,32000,1,33980,d94a8f90053b5b9e817ebe662dc191b682ce47f4dd010d8e75bbcb9fb139c6a8
Viber,Viber\and5_viber_30cm_front_s4_human_clean.m4a,and5_viber_30cm_front_s4_human_clean.m4a,.m4a,31731,2026-06-27T20:31:11,7.424000,"mov,mp4,m4a,3gp,3g2,mj2",aac,32000,1,34192,6bfbccfdbc7a68f3ee32872375f5d7bcdf9e65d30f4ab520cca3e7769f09d34f
Viber,Viber\and5_viber_30cm_front_s4_human_noise.m4a,and5_viber_30cm_front_s4_human_noise.m4a,.m4a,32312,2026-06-27T20:31:11,7.552000,"mov,mp4,m4a,3gp,3g2,mj2",aac,32000,1,34228,0e2682dc0aa09230c7c5e547450102ad953011dab9177c9518ae771929ed618f
Viber,Viber\and5_viber_30cm_front_s4_tts_clean.m4a,and5_viber_30cm_front_s4_tts_clean.m4a,.m4a,35027,2026-06-27T20:28:49,8.224000,"mov,mp4,m4a,3gp,3g2,mj2",aac,32000,1,34072,d0c7be370a69dc9ec9b1ed19ca0fee2e535f269e458817bf719e245eccf45ff8
Viber,Viber\and5_viber_30cm_front_s5_human_clean.m4a,and5_viber_30cm_front_s5_human_clean.m4a,.m4a,40513,2026-06-27T20:31:11,9.568000,"mov,mp4,m4a,3gp,3g2,mj2",aac,32000,1,33873,c77c7a90135c4b313750d345a534521c96beb55fe4b22c71e4efcb22f7534d60
Viber,Viber\and5_viber_30cm_front_s5_human_noise.m4a,and5_viber_30cm_front_s5_human_noise.m4a,.m4a,37553,2026-06-27T20:31:11,8.832000,"mov,mp4,m4a,3gp,3g2,mj2",aac,32000,1,34015,19c7f48ef74d28de91fc079b6ac3ea1facaaad4dd323a2462f5cfbb8e1d28dee
Viber,Viber\and5_viber_30cm_front_s5_tts_clean.m4a,and5_viber_30cm_front_s5_tts_clean.m4a,.m4a,40977,2026-06-27T20:28:49,9.664000,"mov,mp4,m4a,3gp,3g2,mj2",aac,32000,1,33921,84761b2c19b9078e545120f2178261dbcdad9890ca1db4f4986eb71aa66b0300
Viber,Viber\ios5_viber_30cm_front_s1_human_clean.m4a,ios5_viber_30cm_front_s1_human_clean.m4a,.m4a,49702,2026-06-27T20:33:04,8.128000,"mov,mp4,m4a,3gp,3g2,mj2",aac,16000,1,48919,729499502e77bc437472f631a5606fc00d8a1410c61bad7046a73da9d2960b7c
Viber,Viber\ios5_viber_30cm_front_s1_human_noise.m4a,ios5_viber_30cm_front_s1_human_noise.m4a,.m4a,48187,2026-06-27T21:43:18,7.744000,"mov,mp4,m4a,3gp,3g2,mj2",aac,16000,1,49779,13e67c7e5a8c7d8e670deacd40632b4c607b1f41edaec1f5c9709824740acdab
Viber,Viber\ios5_viber_30cm_front_s1_tts_clean.m4a,ios5_viber_30cm_front_s1_tts_clean.m4a,.m4a,51397,2026-06-27T20:32:04,8.960000,"mov,mp4,m4a,3gp,3g2,mj2",aac,16000,1,45890,caf8122c63df5091264f96f026d9b5478d2fd1ef0535b65e96e83a5eab8c60bf
Viber,Viber\ios5_viber_30cm_front_s2_human_clean.m4a,ios5_viber_30cm_front_s2_human_clean.m4a,.m4a,45671,2026-06-27T20:33:14,6.976000,"mov,mp4,m4a,3gp,3g2,mj2",aac,16000,1,52375,e9f1bcb331b8f37a16bf6e1e08a9952f8d5703ea78da6639e749feab956ff252
Viber,Viber\ios5_viber_30cm_front_s2_human_noise.m4a,ios5_viber_30cm_front_s2_human_noise.m4a,.m4a,45230,2026-06-27T21:43:18,6.720000,"mov,mp4,m4a,3gp,3g2,mj2",aac,16000,1,53845,e295ae8c2ae8b26cb4fa28e393e8570362829ff713ce33cb6c2af9f33879f74c
Viber,Viber\ios5_viber_30cm_front_s2_tts_clean.m4a,ios5_viber_30cm_front_s2_tts_clean.m4a,.m4a,47232,2026-06-27T20:32:15,7.424000,"mov,mp4,m4a,3gp,3g2,mj2",aac,16000,1,50896,9c1c5da935b2b3cdbee4f978752a240b0315751b2d39dd45e2971e8aaaf02dbb
Viber,Viber\ios5_viber_30cm_front_s3_human_clean.m4a,ios5_viber_30cm_front_s3_human_clean.m4a,.m4a,47601,2026-06-27T21:43:18,7.296000,"mov,mp4,m4a,3gp,3g2,mj2",aac,16000,1,52194,5408f8424761ed6792e35d8ed5d51b22f03c740477a1065f3377a2e3a39ec6ae
Viber,Viber\ios5_viber_30cm_front_s3_human_noise.m4a,ios5_viber_30cm_front_s3_human_noise.m4a,.m4a,47182,2026-06-27T21:43:18,7.616000,"mov,mp4,m4a,3gp,3g2,mj2",aac,16000,1,49560,6ef915583081cdb3007e590b9cb344539e07c0d7fece143c919b4bb431b25548
Viber,Viber\ios5_viber_30cm_front_s3_tts_clean.m4a,ios5_viber_30cm_front_s3_tts_clean.m4a,.m4a,46028,2026-06-27T20:32:26,7.296000,"mov,mp4,m4a,3gp,3g2,mj2",aac,16000,1,50469,f35a8ab1f36d0ff94b5c2dfd04592ea633d45e1c19f7b880a5d974cc973b8981
Viber,Viber\ios5_viber_30cm_front_s4_human_clean.m4a,ios5_viber_30cm_front_s4_human_clean.m4a,.m4a,46026,2026-06-27T20:37:23,7.040000,"mov,mp4,m4a,3gp,3g2,mj2",aac,16000,1,52302,d0a8c8e70cc35d7802a7ebd33b8008cdd61577b1b9156176b6810523b23b7075
Viber,Viber\ios5_viber_30cm_front_s4_human_noise.m4a,ios5_viber_30cm_front_s4_human_noise.m4a,.m4a,45366,2026-06-27T20:37:23,6.848000,"mov,mp4,m4a,3gp,3g2,mj2",aac,16000,1,52997,f319768dff1994670c4e7713424b8a5882cda249c9d595e26c117e32c047cf6d
Viber,Viber\ios5_viber_30cm_front_s4_tts_clean.m4a,ios5_viber_30cm_front_s4_tts_clean.m4a,.m4a,51087,2026-06-27T20:32:38,8.896000,"mov,mp4,m4a,3gp,3g2,mj2",aac,16000,1,45941,02a94d6458fbeedc9d4f86dc5caaab59cee453fb16ecaf6b7b1642b26a8a3396
Viber,Viber\ios5_viber_30cm_front_s5_human_clean.m4a,ios5_viber_30cm_front_s5_human_clean.m4a,.m4a,52329,2026-06-27T21:43:18,8.960000,"mov,mp4,m4a,3gp,3g2,mj2",aac,16000,1,46722,815f175221b33fd509ac2044ad115706b8d7edc7fc145b23f1ee621acd41552d
Viber,Viber\ios5_viber_30cm_front_s5_human_noise.m4a,ios5_viber_30cm_front_s5_human_noise.m4a,.m4a,48734,2026-06-27T20:37:23,7.936000,"mov,mp4,m4a,3gp,3g2,mj2",aac,16000,1,49127,ac622f75605be8c3a72eebc9c3c40aeff5afba03a9f98dda71ac4b39b43e1605
Viber,Viber\ios5_viber_30cm_front_s5_tts_clean.m4a,ios5_viber_30cm_front_s5_tts_clean.m4a,.m4a,48233,2026-06-27T20:32:49,7.808000,"mov,mp4,m4a,3gp,3g2,mj2",aac,16000,1,49419,c5db11d16d59467eeab2241d5877a9b06c429a18f37909d5e19af9ffe037df31
Webex,Webex\and5_webex_30cm_front_s1_human_clean.m4a,and5_webex_30cm_front_s1_human_clean.m4a,.m4a,13611,2026-06-27T21:46:47,8.192000,"mov,mp4,m4a,3gp,3g2,mj2",aac,8000,1,13291,adc0d415698c196be16115cd94c931d95f0720fe8489eca11a39dd9274902aa6
Webex,Webex\and5_webex_30cm_front_s1_human_noise.m4a,and5_webex_30cm_front_s1_human_noise.m4a,.m4a,13140,2026-06-27T21:46:53,7.936000,"mov,mp4,m4a,3gp,3g2,mj2",aac,8000,1,13245,d95409b86bc9be3ed9342bdcd369238513b2db7871889f69ca08b75377bcd854
Webex,Webex\and5_webex_30cm_front_s1_tts_clean.m4a,and5_webex_30cm_front_s1_tts_clean.m4a,.m4a,13187,2026-06-27T21:46:34,7.936000,"mov,mp4,m4a,3gp,3g2,mj2",aac,8000,1,13293,af548a2342ebea03a0a32a9e4a1216dcfda2db7852a9a14245e05031557e5aa3
Webex,Webex\and5_webex_30cm_front_s2_human_clean.m4a,and5_webex_30cm_front_s2_human_clean.m4a,.m4a,11998,2026-06-27T21:46:48,7.168000,"mov,mp4,m4a,3gp,3g2,mj2",aac,8000,1,13390,3423ae36a4e9d8b225e991b9494dd4ec9503919cd5c5a007520fb57ec44df797
Webex,Webex\and5_webex_30cm_front_s2_human_noise.m4a,and5_webex_30cm_front_s2_human_noise.m4a,.m4a,11945,2026-06-27T21:46:55,7.168000,"mov,mp4,m4a,3gp,3g2,mj2",aac,8000,1,13331,484be40396816f171ca245cb3ec01fb1681135bde99877557b85081c74c00b17
Webex,Webex\and5_webex_30cm_front_s2_tts_clean.m4a,and5_webex_30cm_front_s2_tts_clean.m4a,.m4a,12806,2026-06-27T21:46:39,7.680000,"mov,mp4,m4a,3gp,3g2,mj2",aac,8000,1,13339,bcb5febaa185459110addabdf0a876f690477ab33b8d3ca90cf7190a80048d16
Webex,Webex\and5_webex_30cm_front_s3_human_clean.m4a,and5_webex_30cm_front_s3_human_clean.m4a,.m4a,13059,2026-06-27T21:46:49,7.808000,"mov,mp4,m4a,3gp,3g2,mj2",aac,8000,1,13380,6d021b87d48b73ac94a8ce964809f6cec7600223ff8d19406b801871ee0bfbae
Webex,Webex\and5_webex_30cm_front_s3_human_noise.m4a,and5_webex_30cm_front_s3_human_noise.m4a,.m4a,13159,2026-06-27T21:46:57,7.936000,"mov,mp4,m4a,3gp,3g2,mj2",aac,8000,1,13265,845eedf469383c4bb3a0a7a11f51a069e88af8c2114999a9d5e28cb6e3d12934
Webex,Webex\and5_webex_30cm_front_s3_tts_clean.m4a,and5_webex_30cm_front_s3_tts_clean.m4a,.m4a,12377,2026-06-27T21:46:41,7.424000,"mov,mp4,m4a,3gp,3g2,mj2",aac,8000,1,13337,51cb296ada796918ba8bf373b976a39dce067adf4ce999e35f60012f4d9e3a30
Webex,Webex\and5_webex_30cm_front_s4_human_clean.m4a,and5_webex_30cm_front_s4_human_clean.m4a,.m4a,12233,2026-06-27T21:46:51,7.296000,"mov,mp4,m4a,3gp,3g2,mj2",aac,8000,1,13413,f8f2fe88237576a9725f556e2096b51f6a49bb95c79cab32e60e4315ec2f300c
Webex,Webex\and5_webex_30cm_front_s4_human_noise.m4a,and5_webex_30cm_front_s4_human_noise.m4a,.m4a,12343,2026-06-27T21:46:58,7.424000,"mov,mp4,m4a,3gp,3g2,mj2",aac,8000,1,13300,0df9b0e86c4650770c9281f5967ca56e96e77eab2fde6cac9e9e509c296041b0
Webex,Webex\and5_webex_30cm_front_s4_tts_clean.m4a,and5_webex_30cm_front_s4_tts_clean.m4a,.m4a,12762,2026-06-27T21:46:43,7.680000,"mov,mp4,m4a,3gp,3g2,mj2",aac,8000,1,13293,73dd1a2ae34d4719a762cb6a8f9512c77166f40d7b73511f094183dbb92bb7be
Webex,Webex\and5_webex_30cm_front_s5_human_clean.m4a,and5_webex_30cm_front_s5_human_clean.m4a,.m4a,14214,2026-06-27T21:46:52,8.576000,"mov,mp4,m4a,3gp,3g2,mj2",aac,8000,1,13259,3c9631f97bd9b23792aa7d783793a11daa6181fa225901b89ac13658bfb7cabb
Webex,Webex\and5_webex_30cm_front_s5_human_noise.m4a,and5_webex_30cm_front_s5_human_noise.m4a,.m4a,15153,2026-06-27T21:46:59,9.216000,"mov,mp4,m4a,3gp,3g2,mj2",aac,8000,1,13153,6387deb5d52c14d72052d53528f1f7a0e019624ca83073e82c6f1ae59868cb54
Webex,Webex\and5_webex_30cm_front_s5_tts_clean.m4a,and5_webex_30cm_front_s5_tts_clean.m4a,.m4a,13578,2026-06-27T21:46:45,8.192000,"mov,mp4,m4a,3gp,3g2,mj2",aac,8000,1,13259,4d0cd277a8400e07499eaf20c41eaa8da2f7b95f3d9a9976df569a1338ddcca4
Webex,Webex\ios5_webex_30cm_front_s1_human_clean.m4a,ios5_webex_30cm_front_s1_human_clean.m4a,.m4a,43187,2026-06-27T21:47:07,8.533333,"mov,mp4,m4a,3gp,3g2,mj2",aac,12000,1,40487,041567e1a6099fbb760d5bbc9cd4a5d99e60ce0680b27ded902662d8c179189f
Webex,Webex\ios5_webex_30cm_front_s1_human_noise.m4a,ios5_webex_30cm_front_s1_human_noise.m4a,.m4a,42696,2026-06-27T21:47:13,8.618667,"mov,mp4,m4a,3gp,3g2,mj2",aac,12000,1,39631,b3df1c898ae8848318f7037785bb908ab2b6f482fccd8d79c293b6d6da0299d1
Webex,Webex\ios5_webex_30cm_front_s1_tts_clean.m4a,ios5_webex_30cm_front_s1_tts_clean.m4a,.m4a,44005,2026-06-27T21:47:01,9.386667,"mov,mp4,m4a,3gp,3g2,mj2",aac,12000,1,37504,be3d04f66b226f6e0af325241175a931c154d77a1a8e59d1d3361992ef9cdb8c
Webex,Webex\ios5_webex_30cm_front_s2_human_clean.m4a,ios5_webex_30cm_front_s2_human_clean.m4a,.m4a,39824,2026-06-27T21:47:08,7.338667,"mov,mp4,m4a,3gp,3g2,mj2",aac,12000,1,43412,bec433113e092d1b2c2145602f8527bccbf5241b76218c662d28c4108625bcae
Webex,Webex\ios5_webex_30cm_front_s2_human_noise.m4a,ios5_webex_30cm_front_s2_human_noise.m4a,.m4a,39042,2026-06-27T21:47:17,7.424000,"mov,mp4,m4a,3gp,3g2,mj2",aac,12000,1,42071,dae9de87efdaa0ce369d7f2fdc480df6c57f86b6f8e359365269ceab35166f30
Webex,Webex\ios5_webex_30cm_front_s2_tts_clean.m4a,ios5_webex_30cm_front_s2_tts_clean.m4a,.m4a,41605,2026-06-27T21:47:02,8.448000,"mov,mp4,m4a,3gp,3g2,mj2",aac,12000,1,39398,6994f5f23b8b1518973b62ca4dc4509d49f03a471d1d25b6813cb574d3ffd42f
Webex,Webex\ios5_webex_30cm_front_s3_human_clean.m4a,ios5_webex_30cm_front_s3_human_clean.m4a,.m4a,39719,2026-06-27T21:47:09,7.338667,"mov,mp4,m4a,3gp,3g2,mj2",aac,12000,1,43298,1c641404b5726f7ad0b3b9412d0a3d11d727e13205a4577cbd6a1767ae191622
Webex,Webex\ios5_webex_30cm_front_s3_human_noise.m4a,ios5_webex_30cm_front_s3_human_noise.m4a,.m4a,39300,2026-06-27T21:47:18,7.594667,"mov,mp4,m4a,3gp,3g2,mj2",aac,12000,1,41397,ab9d3f18aebf9421cdd79f8fc5fc3e7ce0115a94b4e529a55b08083773f6a31a
Webex,Webex\ios5_webex_30cm_front_s3_tts_clean.m4a,ios5_webex_30cm_front_s3_tts_clean.m4a,.m4a,41393,2026-06-27T21:47:03,8.277333,"mov,mp4,m4a,3gp,3g2,mj2",aac,12000,1,40006,006090276b93063595c6d47bec9ee0613669597ea3e6ea6d2966c3a835759d28
Webex,Webex\ios5_webex_30cm_front_s4_human_clean.m4a,ios5_webex_30cm_front_s4_human_clean.m4a,.m4a,41097,2026-06-27T21:47:11,7.936000,"mov,mp4,m4a,3gp,3g2,mj2",aac,12000,1,41428,1d146054b47c43a6daa05a4dd261bc6be4d97d7954a3066fac3aad12b11ecdb9
Webex,Webex\ios5_webex_30cm_front_s4_human_noise.m4a,ios5_webex_30cm_front_s4_human_noise.m4a,.m4a,38444,2026-06-27T21:47:19,7.253333,"mov,mp4,m4a,3gp,3g2,mj2",aac,12000,1,42401,2e2f9221f4374fbf6b8ab49c5ad189679a83b0fcf9d0b64bfbbe7717b8f6ee45
Webex,Webex\ios5_webex_30cm_front_s4_tts_clean.m4a,ios5_webex_30cm_front_s4_tts_clean.m4a,.m4a,43345,2026-06-27T21:47:04,9.130667,"mov,mp4,m4a,3gp,3g2,mj2",aac,12000,1,37977,cf4a41a52c5e2072eb777a6062e5e5b9478658257237718d9e8843af8521ddf3
Webex,Webex\ios5_webex_30cm_front_s5_human_clean.m4a,ios5_webex_30cm_front_s5_human_clean.m4a,.m4a,43230,2026-06-27T21:47:12,8.618667,"mov,mp4,m4a,3gp,3g2,mj2",aac,12000,1,40126,6fc5d90df9d95905dba0828c17a6532b69e7cfa2de8d98ad5cf6c4ad779a2803
Webex,Webex\ios5_webex_30cm_front_s5_human_noise.m4a,ios5_webex_30cm_front_s5_human_noise.m4a,.m4a,42716,2026-06-27T21:47:20,8.874667,"mov,mp4,m4a,3gp,3g2,mj2",aac,12000,1,38506,dbc2f635c75c77013b7e5f9adc587e1ac659f48d4d365e6b6f60eba9f6154da5
Webex,Webex\ios5_webex_30cm_front_s5_tts_clean.m4a,ios5_webex_30cm_front_s5_tts_clean.m4a,.m4a,43657,2026-06-27T21:47:06,9.216000,"mov,mp4,m4a,3gp,3g2,mj2",aac,12000,1,37896,f168aabd7ec110953840ee4b266109ae5f5a610b9a9ffd18658eaf7422afb5d0
Wire,Wire\and5_wire_30cm_front_s1_human_clean.m4a,and5_wire_30cm_front_s1_human_clean.m4a,.m4a,69418,2026-06-27T21:48:57,8.512000,"mov,mp4,m4a,3gp,3g2,mj2",aac,16000,1,65242,f67fc99a17d51b3f96c10477938942a2a742522d9299849250bed2b6f1f41b18
Wire,Wire\and5_wire_30cm_front_s1_human_noise.m4a,and5_wire_30cm_front_s1_human_noise.m4a,.m4a,67354,2026-06-27T21:49:41,8.256000,"mov,mp4,m4a,3gp,3g2,mj2",aac,16000,1,65265,00b9c68f5a7f34330b5f24022925146b7dafd47bbe88cdd8b65a2c2c2d348dbd
Wire,Wire\and5_wire_30cm_front_s1_tts_clean.m4a,and5_wire_30cm_front_s1_tts_clean.m4a,.m4a,71482,2026-06-27T21:48:27,8.768000,"mov,mp4,m4a,3gp,3g2,mj2",aac,16000,1,65220,69f6a8737482876432ea95fc3f04da17f208c11234088b0b5e290dcb100e0ac1
Wire,Wire\and5_wire_30cm_front_s2_human_clean.m4a,and5_wire_30cm_front_s2_human_clean.m4a,.m4a,64258,2026-06-27T21:49:13,7.872000,"mov,mp4,m4a,3gp,3g2,mj2",aac,16000,1,65302,cf70bc83fb2fd54f4eb178ea660ae9c544219aab81ac4b3ec657d6257e0711c4
Wire,Wire\and5_wire_30cm_front_s2_human_noise.m4a,and5_wire_30cm_front_s2_human_noise.m4a,.m4a,64258,2026-06-27T21:49:47,7.872000,"mov,mp4,m4a,3gp,3g2,mj2",aac,16000,1,65302,389bec20c7725e93c76350bd9e3b0f3b85ba5e735573530c505c6634e5bd54b8
Wire,Wire\and5_wire_30cm_front_s2_tts_clean.m4a,and5_wire_30cm_front_s2_tts_clean.m4a,.m4a,66322,2026-06-27T21:48:33,8.128000,"mov,mp4,m4a,3gp,3g2,mj2",aac,16000,1,65277,7b0f6bdd8edf81a54a800b069cbbeb4e87464ef1a10648e84efb5e4263791804
Wire,Wire\and5_wire_30cm_front_s3_human_clean.m4a,and5_wire_30cm_front_s3_human_clean.m4a,.m4a,65806,2026-06-27T21:49:20,8.064000,"mov,mp4,m4a,3gp,3g2,mj2",aac,16000,1,65283,fb5bd5dda26cf7d246ba04fe8c10295203a3f100bec0ccc96561ad19bdf193fc
Wire,Wire\and5_wire_30cm_front_s3_human_noise.m4a,and5_wire_30cm_front_s3_human_noise.m4a,.m4a,66322,2026-06-27T21:49:52,8.128000,"mov,mp4,m4a,3gp,3g2,mj2",aac,16000,1,65277,6de8715ae158798a7c75f0728926cfdbfdcd24e166d7e637f1c4cd3894cf5851
Wire,Wire\and5_wire_30cm_front_s3_tts_clean.m4a,and5_wire_30cm_front_s3_tts_clean.m4a,.m4a,65290,2026-06-27T21:48:39,8.000000,"mov,mp4,m4a,3gp,3g2,mj2",aac,16000,1,65290,e3e20630fe111d4440d78193ecb237a164db339d26e691859ea98372e90a10cd
Wire,Wire\and5_wire_30cm_front_s4_human_clean.m4a,and5_wire_30cm_front_s4_human_clean.m4a,.m4a,67354,2026-06-27T21:49:26,8.256000,"mov,mp4,m4a,3gp,3g2,mj2",aac,16000,1,65265,0da3b9a4eeecdf546e2d0e9047b7b8c3a7b7b0076a3ca07b14a62890d5f0e446
Wire,Wire\and5_wire_30cm_front_s4_human_noise.m4a,and5_wire_30cm_front_s4_human_noise.m4a,.m4a,66838,2026-06-27T21:49:58,8.192000,"mov,mp4,m4a,3gp,3g2,mj2",aac,16000,1,65271,03bb2d1c81177beda0670bab105291c71d9bf71cbf2e9b93eb2369bcd08b1d03
Wire,Wire\and5_wire_30cm_front_s4_tts_clean.m4a,and5_wire_30cm_front_s4_tts_clean.m4a,.m4a,80770,2026-06-27T21:48:45,9.920000,"mov,mp4,m4a,3gp,3g2,mj2",aac,16000,1,65137,7578ba487f0ed30d5cd0fb879887cb5d79d59127b5b5047e0ce73bb7dd893d1e
Wire,Wire\and5_wire_30cm_front_s5_human_clean.m4a,and5_wire_30cm_front_s5_human_clean.m4a,.m4a,74062,2026-06-27T21:49:34,9.088000,"mov,mp4,m4a,3gp,3g2,mj2",aac,16000,1,65195,22cf55be99cc56b55ce4e2ed3fca4e577a683941c5eeace7ef5878f86f7e90b7
Wire,Wire\and5_wire_30cm_front_s5_human_noise.m4a,and5_wire_30cm_front_s5_human_noise.m4a,.m4a,74578,2026-06-27T21:50:05,9.152000,"mov,mp4,m4a,3gp,3g2,mj2",aac,16000,1,65190,35fe98245003f6de99fff9cbe8f0914b24a7b26a71cba90a5fb90db673d85771
Wire,Wire\and5_wire_30cm_front_s5_tts_clean.m4a,and5_wire_30cm_front_s5_tts_clean.m4a,.m4a,70966,2026-06-27T21:48:51,8.704000,"mov,mp4,m4a,3gp,3g2,mj2",aac,16000,1,65226,71dea85516e793178e723c36ab8ac72de8e8e014b76a9839bf3523384a95df76
Wire,Wire\ios5_wire_30cm_front_s1_human_clean.m4a,ios5_wire_30cm_front_s1_human_clean.m4a,.m4a,50865,2026-06-27T21:50:48,7.872000,"mov,mp4,m4a,3gp,3g2,mj2",aac,32000,1,51692,94cf781af43003f283fed4cd017078a612322f99291c0dd14cf0c06f88639627
Wire,Wire\ios5_wire_30cm_front_s1_human_noise.m4a,ios5_wire_30cm_front_s1_human_noise.m4a,.m4a,50661,2026-06-27T21:51:16,7.936000,"mov,mp4,m4a,3gp,3g2,mj2",aac,32000,1,51069,8cf5bc9ada2ea684f2417a626dea6144df19f902c224c3c14df571cb1486f476
Wire,Wire\ios5_wire_30cm_front_s1_tts_clean.m4a,ios5_wire_30cm_front_s1_tts_clean.m4a,.m4a,54111,2026-06-27T21:50:19,8.480000,"mov,mp4,m4a,3gp,3g2,mj2",aac,32000,1,51048,15ee6a6e193d7226651b4a3ad759edea12549335174af2eba3941c2432febfc7
Wire,Wire\ios5_wire_30cm_front_s2_human_clean.m4a,ios5_wire_30cm_front_s2_human_clean.m4a,.m4a,41050,2026-06-27T21:50:54,6.368000,"mov,mp4,m4a,3gp,3g2,mj2",aac,32000,1,51570,a70fffc2de1682fe60c2a3ce6e39ebf275786fc0236a26e90b261c04b492f591
Wire,Wire\ios5_wire_30cm_front_s2_human_noise.m4a,ios5_wire_30cm_front_s2_human_noise.m4a,.m4a,44647,2026-06-27T21:51:22,6.976000,"mov,mp4,m4a,3gp,3g2,mj2",aac,32000,1,51200,3ce3cf60199425b4f1c292d9589eaafb91adc448f195d08ae4fce0dc8a8a9206
Wire,Wire\ios5_wire_30cm_front_s2_tts_clean.m4a,ios5_wire_30cm_front_s2_tts_clean.m4a,.m4a,53425,2026-06-27T21:50:24,8.448000,"mov,mp4,m4a,3gp,3g2,mj2",aac,32000,1,50591,59de234ca92b85d0239623c647b2f7e207dfd2bd457b1dc030b4fd21f5683989
Wire,Wire\ios5_wire_30cm_front_s3_human_clean.m4a,ios5_wire_30cm_front_s3_human_clean.m4a,.m4a,49437,2026-06-27T21:50:59,7.616000,"mov,mp4,m4a,3gp,3g2,mj2",aac,32000,1,51929,43079337190ee27b266455c7ca08815a1807bc6bb2f65194f919b117c7765397
Wire,Wire\ios5_wire_30cm_front_s3_human_noise.m4a,ios5_wire_30cm_front_s3_human_noise.m4a,.m4a,47323,2026-06-27T21:51:27,7.424000,"mov,mp4,m4a,3gp,3g2,mj2",aac,32000,1,50994,a2e6b2d1f9b7fcb98eddcc969f15bd9c8ffafc2a3f89b6bad2a5c4edbc59c52d
Wire,Wire\ios5_wire_30cm_front_s3_tts_clean.m4a,ios5_wire_30cm_front_s3_tts_clean.m4a,.m4a,52598,2026-06-27T21:50:30,8.352000,"mov,mp4,m4a,3gp,3g2,mj2",aac,32000,1,50381,0acc0fec5c12399837b588a383b1adfbafacad316e5533db7134de83dc0b5846
Wire,Wire\ios5_wire_30cm_front_s4_human_clean.m4a,ios5_wire_30cm_front_s4_human_clean.m4a,.m4a,46288,2026-06-27T21:51:04,7.168000,"mov,mp4,m4a,3gp,3g2,mj2",aac,32000,1,51660,3549d828df5682c61c8ad613c49ad5c147499cf21d7f779b9112d4974bfc326c
Wire,Wire\ios5_wire_30cm_front_s4_human_noise.m4a,ios5_wire_30cm_front_s4_human_noise.m4a,.m4a,46007,2026-06-27T21:51:33,7.232000,"mov,mp4,m4a,3gp,3g2,mj2",aac,32000,1,50892,4a7b62bbeaa5c807dbae1084ed4319337640979fa8775d914ccd6a68dafa582d
Wire,Wire\ios5_wire_30cm_front_s4_tts_clean.m4a,ios5_wire_30cm_front_s4_tts_clean.m4a,.m4a,51253,2026-06-27T21:50:35,8.160000,"mov,mp4,m4a,3gp,3g2,mj2",aac,32000,1,50248,ebfbd14806250b9a42dc628a6ca555483f6e4d4523af8cd0bbe62d4916b1e1ad
Wire,Wire\ios5_wire_30cm_front_s5_human_clean.m4a,ios5_wire_30cm_front_s5_human_clean.m4a,.m4a,58026,2026-06-27T21:51:10,9.056000,"mov,mp4,m4a,3gp,3g2,mj2",aac,32000,1,51259,8dd517a2f886e517cc36d86582badc965e431968ce9cc54ee5efc10a93b889ed
Wire,Wire\ios5_wire_30cm_front_s5_human_noise.m4a,ios5_wire_30cm_front_s5_human_noise.m4a,.m4a,57224,2026-06-27T21:51:39,8.960000,"mov,mp4,m4a,3gp,3g2,mj2",aac,32000,1,51092,e5980ad768d97e4f8f2c0d50d402015ce69e6bf27a2dda164be542105dc09161
Wire,Wire\ios5_wire_30cm_front_s5_tts_clean.m4a,ios5_wire_30cm_front_s5_tts_clean.m4a,.m4a,57432,2026-06-27T21:50:40,9.088000,"mov,mp4,m4a,3gp,3g2,mj2",aac,32000,1,50556,065e718767147ced8b55cca16c083d2671ae3b8f095b986e4447bc01041f8204
